tag_type,tag_id,read,5p_offset,tag_sequence,tag_name,pattern
CellPlex,CMO301,R2,0,ATGAGGAATTCCTGC,CMO301,5P(BC)
CellPlex,CMO302,R2,0,CATGCCAATAGAGCG,CMO302,5P(BC)
CellPlex,CMO303,R2,0,CCGTCGTCCAAGCAT,CMO303,5P(BC)
CellPlex,CMO304,R2,0,AACGTTAATCACTCA,CMO304,5P(BC)
CellPlex,CMO305,R2,0,CGCGATATGGTCGGA,CMO305,5P(BC)
CellPlex,CMO306,R2,0,AAGATGAGGTCTGTG,CMO306,5P(BC)
CellPlex,CMO307,R2,0,AAGCTCGTTGGAAGA,CMO307,5P(BC)
CellPlex,CMO308,R2,0,CGGATTCCACATCAT,CMO308,5P(BC)
CellPlex,CMO309,R2,0,GTTGATCTATAACAG,CMO309,5P(BC)
CellPlex,CMO310,R2,0,GCAGGAGGTATCAAT,CMO310,5P(BC)
CellPlex,CMO311,R2,0,GAATCGTGATTCTTC,CMO311,5P(BC)
CellPlex,CMO312,R2,0,ACATGGTCAACGCTG,CMO312,5P(BC)
TotalSeq-A,A0001,R2,0,AACAAGACCCTTGAG,CD4,5P(BC)
TotalSeq-A,A0002,R2,0,TACCCGTAATAGCGT,CD8a,5P(BC)
TotalSeq-A,A0003,R2,0,ATTGGCACTCAGATG,CD366,5P(BC)
TotalSeq-A,A0004,R2,0,GAAAGTCAAAGCACT,CD279,5P(BC)
TotalSeq-A,A0005,R2,0,ACGAATCAATCTGTG,CD80,5P(BC)
TotalSeq-A,A0006,R2,0,GTCTTTGTCAGTGCA,CD86,5P(BC)
TotalSeq-A,A0007,R2,0,GTTGTCCGACAATAC,CD274,5P(BC)
TotalSeq-A,A0008,R2,0,TCAACGCTTGGCTAG,CD273,5P(BC)
TotalSeq-A,A0009,R2,0,GTGCATTCAACAGTA,CD275,5P(BC)
TotalSeq-A,A0010,R2,0,GACTGGGAGGGTATT,CD276,5P(BC)
TotalSeq-A,A0012,R2,0,TGCATGTCATCGGTG,CD117,5P(BC)
TotalSeq-A,A0013,R2,0,AAGTCGTGAGGCATG,Ly-6C,5P(BC)
TotalSeq-A,A0014,R2,0,TGAAGGCTCATTTGT,CD11b,5P(BC)
TotalSeq-A,A0015,R2,0,ACATTGACGCAACTA,Ly-6G,5P(BC)
TotalSeq-A,A0020,R2,0,TGATAGAAACAGACC,CD270,5P(BC)
TotalSeq-A,A0022,R2,0,ATTCGCCTTACGCAA,CD137L,5P(BC)
TotalSeq-A,A0023,R2,0,ATCACATCGTTGCCA,CD155,5P(BC)
TotalSeq-A,A0024,R2,0,AACCTTCCGTCTAAG,CD112,5P(BC)
TotalSeq-A,A0026,R2,0,GCATTCTGTCACCTA,CD47,5P(BC)
TotalSeq-A,A0027,R2,0,CGCGAACATAAGAAG,CD70,5P(BC)
TotalSeq-A,A0028,R2,0,TCAGGGTGTGCTGTA,CD30,5P(BC)
TotalSeq-A,A0029,R2,0,CTACGACGTAGAAGA,CD48,5P(BC)
TotalSeq-A,A0031,R2,0,CTCAGATGGAGTATG,CD40,5P(BC)
TotalSeq-A,A0032,R2,0,GCTAGATAGATGCAA,CD154,5P(BC)
TotalSeq-A,A0033,R2,0,CTTTGTACGAGCAAA,CD52,5P(BC)
TotalSeq-A,A0034,R2,0,CTCATTGTAACTCCT,CD3,5P(BC)
TotalSeq-A,A0045,R2,0,GAGGTTAGTGATGGA,CD4,5P(BC)
TotalSeq-A,A0046,R2,0,GCGCAACTTGATGAT,CD8,5P(BC)
TotalSeq-A,A0047,R2,0,TCCTTTCCTGATAGG,CD56_(NCAM),5P(BC)
TotalSeq-A,A0048,R2,0,TCCCTTGCGATTTAC,CD45,5P(BC)
TotalSeq-A,A0049,R2,0,TATCCCTTGGGATGG,CD3,5P(BC)
TotalSeq-A,A0050,R2,0,CTGGGCAATTACTCG,CD19,5P(BC)
TotalSeq-A,A0051,R2,0,CAATCAGACCTATGA,CD14,5P(BC)
TotalSeq-A,A0052,R2,0,TAACTCAGGGCCTAT,CD33,5P(BC)
TotalSeq-A,A0053,R2,0,TACGCCTATAACTTG,CD11c,5P(BC)
TotalSeq-A,A0054,R2,0,GCAGAAATCTCCCTT,CD34,5P(BC)
TotalSeq-A,A0055,R2,0,ACTCTTTCGTTTACG,CD138,5P(BC)
TotalSeq-A,A0056,R2,0,CAGATGATCCACCAT,CD269,5P(BC)
TotalSeq-A,A0057,R2,0,CAGCCCGATTAAGGT,B2-microglobulin,5P(BC)
TotalSeq-A,A0058,R2,0,TATGCGAGGCTTATC,HLA-ABC,5P(BC)
TotalSeq-A,A0060,R2,0,GCATTGTACGATTCA,CD90,5P(BC)
TotalSeq-A,A0061,R2,0,AGACTAATAGCTGAC,CD117,5P(BC)
TotalSeq-A,A0062,R2,0,CAGCCATTCATTAGG,CD10,5P(BC)
TotalSeq-A,A0063,R2,0,TCAATCCTTCCGCTT,CD45RA,5P(BC)
TotalSeq-A,A0064,R2,0,CTTCACTCTGTCAGG,CD123,5P(BC)
TotalSeq-A,A0066,R2,0,TGGATTCCCGGACTT,CD7,5P(BC)
TotalSeq-A,A0068,R2,0,ATCGTCGAGAGCTAG,CD105,5P(BC)
TotalSeq-A,A0069,R2,0,GTTTCCTTGACCAAG,CD201,5P(BC)
TotalSeq-A,A0070,R2,0,TTCCGAGGATGATCT,CD49f,5P(BC)
TotalSeq-A,A0071,R2,0,AGCTTACCTGCACGA,CD194,5P(BC)
TotalSeq-A,A0072,R2,0,TGTTCCCGCTCAACT,CD4,5P(BC)
TotalSeq-A,A0073,R2,0,TGGCTTCAGGTCCTA,CD44,5P(BC)
TotalSeq-A,A0074,R2,0,ATAACCGACACAGTG,CD54,5P(BC)
TotalSeq-A,A0075,R2,0,CCGATCAGCCGTTTA,CD90.2,5P(BC)
TotalSeq-A,A0076,R2,0,GCTAGTTTGTGCTGC,CD15,5P(BC)
TotalSeq-A,A0077,R2,0,ACACTTAACGTCTGG,CD73,5P(BC)
TotalSeq-A,A0078,R2,0,CGCTTGGACGCTTAA,CD49d,5P(BC)
TotalSeq-A,A0079,R2,0,TCAATTCCGGTAGTC,CD200,5P(BC)
TotalSeq-A,A0080,R2,0,GCTGCGCTTTCCATT,CD8a,5P(BC)
TotalSeq-A,A0081,R2,0,TCTCAGACCTCCGTA,CD14,5P(BC)
TotalSeq-A,A0083,R2,0,AAGTTCACTCTTTGC,CD16,5P(BC)
TotalSeq-A,A0084,R2,0,TTCGCCGCATTGAGT,CD56,5P(BC)
TotalSeq-A,A0085,R2,0,TTTGTCCTGTACGCC,CD25,5P(BC)
TotalSeq-A,A0087,R2,0,CTCCGAATCATGTTG,CD45RO,5P(BC)
TotalSeq-A,A0088,R2,0,ACAGCGCCGTATTTA,CD279,5P(BC)
TotalSeq-A,A0089,R2,0,TTGCTTACCGCCAGA,TIGIT_(VSTM3),5P(BC)
TotalSeq-A,A0090,R2,0,GCCGGACGACATTAA,IgG1K_Isotype_Ctrl,5P(BC)
TotalSeq-A,A0091,R2,0,CTCCTACCTAAACTG,NULL,5P(BC)
TotalSeq-A,A0092,R2,0,ATATGTATCACGCGA,IgG2bK_Isotype_Ctrl,5P(BC)
TotalSeq-A,A0093,R2,0,ATCAGCCATGTCAGT,CD19,5P(BC)
TotalSeq-A,A0095,R2,0,GATTCTTGACGACCT,IgG2bK,5P(BC)
TotalSeq-A,A0096,R2,0,TGGCTATGGAGCAGA,CD45,5P(BC)
TotalSeq-A,A0097,R2,0,ACCATGAGACACAGT,CD25,5P(BC)
TotalSeq-A,A0098,R2,0,GTAGCAAGATTCAAG,CD135,5P(BC)
TotalSeq-A,A0100,R2,0,TTCTGGGTCCCTAGA,CD20,5P(BC)
TotalSeq-A,A0101,R2,0,ACAATTTGAACAGCG,CD335,5P(BC)
TotalSeq-A,A0102,R2,0,TGTTTACGAGAGCCC,CD294,5P(BC)
TotalSeq-A,A0103,R2,0,CCTACACCTCATAAT,CD45R/B220,5P(BC)
TotalSeq-A,A0104,R2,0,GATATTCAGTGCGAC,CD102,5P(BC)
TotalSeq-A,A0105,R2,0,TTCCGTTGTTGTGAG,CD115,5P(BC)
TotalSeq-A,A0106,R2,0,GTTATGGACGCTTGC,CD11c,5P(BC)
TotalSeq-A,A0107,R2,0,GGATAATTTCGATCC,CD21_CD35,5P(BC)
TotalSeq-A,A0108,R2,0,TCTCTTGGAAGATGA,CD23,5P(BC)
TotalSeq-A,A0109,R2,0,TTCGATGCTGGAGCA,CD16/32,5P(BC)
TotalSeq-A,A0110,R2,0,TTGGAGGGTTGTGCT,CD43,5P(BC)
TotalSeq-A,A0111,R2,0,CAGCTCAGTGTGTTG,CD5,5P(BC)
TotalSeq-A,A0112,R2,0,TGGGCCTAAGTCATC,CD62L,5P(BC)
TotalSeq-A,A0113,R2,0,GGTATTTCCTGTGGT,CD93,5P(BC)
TotalSeq-A,A0114,R2,0,TTAACTTCAGCCCGT,F4/80,5P(BC)
TotalSeq-A,A0115,R2,0,AGTCACCTCGAAGCT,FcERIA,5P(BC)
TotalSeq-A,A0116,R2,0,TAGTGTATGGACACG,Ly-6G/Ly-6C,5P(BC)
TotalSeq-A,A0117,R2,0,GGTCACCAGTATGAT,I-A/I-E,5P(BC)
TotalSeq-A,A0118,R2,0,GTAACATTACTCGTC,NK-1.1,5P(BC)
TotalSeq-A,A0119,R2,0,CCGCACCTACATTAG,Siglec_H,5P(BC)
TotalSeq-A,A0120,R2,0,TCCTATGGGACTCAG,TCR_B_chain,5P(BC)
TotalSeq-A,A0121,R2,0,AACCCAAATAGCTGA,TCR_G/D,5P(BC)
TotalSeq-A,A0122,R2,0,GCGCGTTTGTGCTAT,TER-119,5P(BC)
TotalSeq-A,A0123,R2,0,TTCCGAGCAAGTATC,CD326,5P(BC)
TotalSeq-A,A0124,R2,0,ACCTTTATGCCACGG,CD31,5P(BC)
TotalSeq-A,A0125,R2,0,AATCCTTCCGAATGT,CD44,5P(BC)
TotalSeq-A,A0126,R2,0,TGGTAACGACAGTCC,CD133,5P(BC)
TotalSeq-A,A0127,R2,0,GGTTACTCGTTGTGT,Podoplanin,5P(BC)
TotalSeq-A,A0128,R2,0,ATGCGCCGAGAATTA,CD140a,5P(BC)
TotalSeq-A,A0129,R2,0,CAATGGTTCACTGCC,CD140b,5P(BC)
TotalSeq-A,A0130,R2,0,TTCCTTTCCTACGCA,Ly-6A/E,5P(BC)
TotalSeq-A,A0131,R2,0,CGTTGCCATTAACCA,Cadherin_11,5P(BC)
TotalSeq-A,A0132,R2,0,GCTTAACATTGGCAC,EGFR,5P(BC)
TotalSeq-A,A0133,R2,0,CTGTAGCCGCCTATT,CD340,5P(BC)
TotalSeq-A,A0134,R2,0,CCTTGGATAACATCA,CD146,5P(BC)
TotalSeq-A,A0135,R2,0,ATCCTTCTCCCTTTC,CD324,5P(BC)
TotalSeq-A,A0136,R2,0,TAGCGAGCCCGTATA,IgM,5P(BC)
TotalSeq-A,A0138,R2,0,CATTAACGGGATGCC,CD5,5P(BC)
TotalSeq-A,A0139,R2,0,CTTCCGATTCATTCA,TCR_G/D,5P(BC)
TotalSeq-A,A0140,R2,0,GCGATGGTAGATTAT,CD183,5P(BC)
TotalSeq-A,A0141,R2,0,CCAAAGTAAGAGCCA,CD195,5P(BC)
TotalSeq-A,A0142,R2,0,GCTTCCGAATTACCG,CD32,5P(BC)
TotalSeq-A,A0143,R2,0,GATCCCTTTGTCACT,CD196,5P(BC)
TotalSeq-A,A0144,R2,0,AATTCAACCGTCGCC,CD185,5P(BC)
TotalSeq-A,A0145,R2,0,GACCTCATTGTGAAT,CD103,5P(BC)
TotalSeq-A,A0146,R2,0,GTCTCTTGGCTTAAA,CD69,5P(BC)
TotalSeq-A,A0147,R2,0,GTCCCTGCAACTTGA,CD62L,5P(BC)
TotalSeq-A,A0148,R2,0,AGTTCAGTCAACCGA,CD197,5P(BC)
TotalSeq-A,A0149,R2,0,GTACGCAGTCCTTCT,CD161,5P(BC)
TotalSeq-A,A0151,R2,0,ATGGTTCACGTAATC,CD152,5P(BC)
TotalSeq-A,A0152,R2,0,CATTTGTCTGCCGGT,CD223_(LAG-3),5P(BC)
TotalSeq-A,A0153,R2,0,CTTATTTCCTGCCCT,KLRG1,5P(BC)
TotalSeq-A,A0154,R2,0,GCACTCCTGCATGTA,CD27,5P(BC)
TotalSeq-A,A0155,R2,0,CAGCCCACTGCAATA,CD107a,5P(BC)
TotalSeq-A,A0156,R2,0,CCAGCTCATTAGAGC,CD95,5P(BC)
TotalSeq-A,A0157,R2,0,CACCGTCATTCAACC,CD45.2,5P(BC)
TotalSeq-A,A0158,R2,0,AACCCACCGTTGTTA,CD134,5P(BC)
TotalSeq-A,A0159,R2,0,AATAGCGAGCAAGTA,HLA-DR,5P(BC)
TotalSeq-A,A0160,R2,0,GAGCTACTTCACTCG,CD1c,5P(BC)
TotalSeq-A,A0161,R2,0,GACAAGTGATCTGCA,CD11b,5P(BC)
TotalSeq-A,A0162,R2,0,AAGTATGCCCTACGA,CD64,5P(BC)
TotalSeq-A,A0163,R2,0,GGATAACCGCGCTTT,CD141,5P(BC)
TotalSeq-A,A0164,R2,0,TCGAGTCGCTTATCA,CD1d,5P(BC)
TotalSeq-A,A0165,R2,0,CGTGTTTGTTCCTCA,CD314,5P(BC)
TotalSeq-A,A0166,R2,0,AGCTGTAAGTTTCGG,CD66b,5P(BC)
TotalSeq-A,A0167,R2,0,ACTTCCGTCGATCTT,CD35,5P(BC)
TotalSeq-A,A0168,R2,0,AACTCCCTATGGAGG,CD57,5P(BC)
TotalSeq-A,A0169,R2,0,TGTCCTACCCAACTT,CD366,5P(BC)
TotalSeq-A,A0170,R2,0,GTTATTGGACTAAGG,CD272,5P(BC)
TotalSeq-A,A0171,R2,0,CGCGCACCCATTAAA,CD278,5P(BC)
TotalSeq-A,A0172,R2,0,GTTAGTGTTAGCTTG,CD275,5P(BC)
TotalSeq-A,A0174,R2,0,GTTCCTATGGACGAC,CD58,5P(BC)
TotalSeq-A,A0175,R2,0,TGGCCTATAAATGGT,CD96,5P(BC)
TotalSeq-A,A0176,R2,0,TTACCTGGTATCCGT,CD39,5P(BC)
TotalSeq-A,A0177,R2,0,CCGGTCCTCTGTATT,CD178,5P(BC)
TotalSeq-A,A0178,R2,0,CCTATGGACTTGGAC,CD45.1,5P(BC)
TotalSeq-A,A0179,R2,0,AGTATCGTCTCTGGG,CX3CR1,5P(BC)
TotalSeq-A,A0180,R2,0,AGATTCCTTCGTGTT,CD24,5P(BC)
TotalSeq-A,A0181,R2,0,AACCTAGTAGTTCGG,CD21,5P(BC)
TotalSeq-A,A0182,R2,0,GTATGTCCGCTCGAT,CD3,5P(BC)
TotalSeq-A,A0184,R2,0,CCCTTTCACCTCGAA,CD335,5P(BC)
TotalSeq-A,A0185,R2,0,TATATCCTTGTGAGC,CD11a,5P(BC)
TotalSeq-A,A0187,R2,0,ATTCTTCAACCGAAG,CD79b,5P(BC)
TotalSeq-A,A0188,R2,0,GGGACAGTTCGTTTC,CD66a/c/e,5P(BC)
TotalSeq-A,A0189,R2,0,TCGCTTGGATGGTAG,CD244,5P(BC)
TotalSeq-A,A0190,R2,0,TCGATTCCACCAACT,CD274,5P(BC)
TotalSeq-A,A0191,R2,0,CAAGGTATGTCACTG,CD27,5P(BC)
TotalSeq-A,A0192,R2,0,TCCACTCCCTGTATA,CD20,5P(BC)
TotalSeq-A,A0193,R2,0,GGCACTCTGTAACAT,CD357,5P(BC)
TotalSeq-A,A0194,R2,0,TCCCTGTATAGATGA,CD137,5P(BC)
TotalSeq-A,A0195,R2,0,CTCACCTACCTATGG,CD134,5P(BC)
TotalSeq-A,A0196,R2,0,GCTCCTTTACACGTA,CD235ab,5P(BC)
TotalSeq-A,A0197,R2,0,TTGTATTCCGCCATT,CD69,5P(BC)
TotalSeq-A,A0198,R2,0,GTGTGAGGCACTCTT,CD127,5P(BC)
TotalSeq-A,A0200,R2,0,CTGGATTTGTGTATC,CD86,5P(BC)
TotalSeq-A,A0201,R2,0,TTCATTAGCCCGCTG,CD103,5P(BC)
TotalSeq-A,A0202,R2,0,AGCAATTAACGGGAG,CD64,5P(BC)
TotalSeq-A,A0203,R2,0,CAACGCCTAGAAACC,CD150,5P(BC)
TotalSeq-A,A0205,R2,0,TCAGAACGTCTAACT,CD206,5P(BC)
TotalSeq-A,A0206,R2,0,TACTCAGCGTGTTTG,CD169,5P(BC)
TotalSeq-A,A0207,R2,0,CTGCATTTCAGTAAG,CD370,5P(BC)
TotalSeq-A,A0208,R2,0,AAGACGCATGTCAAC,XCR1,5P(BC)
TotalSeq-A,A0209,R2,0,TCGTTTAACCAGCCT,TCR_VG1.1,5P(BC)
TotalSeq-A,A0210,R2,0,TCGTGGTCCCTTTCT,TCR_VG3,5P(BC)
TotalSeq-A,A0211,R2,0,AAGCTGCACCGTAAT,TCR_VG2,5P(BC)
TotalSeq-A,A0212,R2,0,TATATCTTTGCCGCA,CD24,5P(BC)
TotalSeq-A,A0213,R2,0,AATCTGTAGTGCGTT,Notch_1,5P(BC)
TotalSeq-A,A0214,R2,0,TCCTTGGATGTACCG,Integrin_B7,5P(BC)
TotalSeq-A,A0215,R2,0,CGAAGTCGATCCGTA,CD268,5P(BC)
TotalSeq-A,A0216,R2,0,TCCTAGTACCGAAGT,CD42b,5P(BC)
TotalSeq-A,A0217,R2,0,CTGATAGACTTGAGT,CD54,5P(BC)
TotalSeq-A,A0218,R2,0,CCTTCCGTATCCCTT,CD62P,5P(BC)
TotalSeq-A,A0219,R2,0,TGTGTATTCCCTTGT,CD119,5P(BC)
TotalSeq-A,A0224,R2,0,CGTAACGTAGAGCGA,TCR_a/b,5P(BC)
TotalSeq-A,A0225,R2,0,CTCTCTGCATTCCTC,CD196,5P(BC)
TotalSeq-A,A0226,R2,0,CGTTCCTACCTACCT,CD106,5P(BC)
TotalSeq-A,A0230,R2,0,TTCCCTCTATGGAGC,CD8b,5P(BC)
TotalSeq-A,A0231,R2,0,CGTTTATGGGATGGG,H-2Kb_bound_to_SIINFEKL,5P(BC)
TotalSeq-A,A0232,R2,0,TTGGGCGATTAAGAA,MAdCAM-1,5P(BC)
TotalSeq-A,A0233,R2,0,CTATTGGACGTATCT,Notch3,5P(BC)
TotalSeq-A,A0235,R2,0,ACTATCCGTTGTGCT,TCR_VB8.1-8.2,5P(BC)
TotalSeq-A,A0236,R2,0,ATCAGATGCCCTCAT,IgG1k_Isotype_Ctrl,5P(BC)
TotalSeq-A,A0237,R2,0,GGGAGCGATTCAACT,IgG1l_Isotype_Ctrl,5P(BC)
TotalSeq-A,A0238,R2,0,AAGTCAGGTTCGTTT,IgG2ak_Isotype_Ctrl,5P(BC)
TotalSeq-A,A0240,R2,0,TCCAGGCTAGTCATT,Rat_IgG2ck,5P(BC)
TotalSeq-A,A0241,R2,0,CCTGTCATTAAGACT,IgG_Isotype_Ctrl,5P(BC)
TotalSeq-A,A0242,R2,0,GAGTTCCCTTACCTG,CD192,5P(BC)
TotalSeq-A,A0244,R2,0,TGACCTTCCTCTCCT,CD102,5P(BC)
TotalSeq-A,A0245,R2,0,TCACAGTTCCTTGGA,CD106,5P(BC)
TotalSeq-A,A0247,R2,0,AGTGATGGAGCGAAC,CD267,5P(BC)
TotalSeq-A,A0248,R2,0,CTCCCTGTGGCTTAA,CD62E,5P(BC)
TotalSeq-A,A0250,R2,0,GTAGTAGGCTAGACC,KLRG1,5P(BC)
TotalSeq-A,A0351,R2,0,CAGTAGATGGAGCAT,CD135,5P(BC)
TotalSeq-A,A0352,R2,0,CTCGTTTCCGTATCG,FceRIa,5P(BC)
TotalSeq-A,A0353,R2,0,ACGTTGTGGCCTTGT,CD41,5P(BC)
TotalSeq-A,A0354,R2,0,CTCAACAGTATTCTG,TCR_Vb5.1-5.2,5P(BC)
TotalSeq-A,A0355,R2,0,CAGTAAGTTCGGGAC,CD137,5P(BC)
TotalSeq-A,A0356,R2,0,TCCGTGTTAGTTTGT,CD254,5P(BC)
TotalSeq-A,A0357,R2,0,GATTAACCAGCTCAT,CD43,5P(BC)
TotalSeq-A,A0358,R2,0,GCTTCTCCTTCCTTA,CD163,5P(BC)
TotalSeq-A,A0359,R2,0,CCACTCATTTCCGGT,CD83,5P(BC)
TotalSeq-A,A0360,R2,0,ACCTTTCGACACTCG,CD357_(GITR),5P(BC)
TotalSeq-A,A0361,R2,0,AATTAGCCGTCGAGA,CD59,5P(BC)
TotalSeq-A,A0362,R2,0,TTCACGCAGTAAGAT,CD309,5P(BC)
TotalSeq-A,A0364,R2,0,TTTCAACGCCCTTTC,CD13,5P(BC)
TotalSeq-A,A0366,R2,0,TCAGGTCCTTTCAAC,CD184,5P(BC)
TotalSeq-A,A0367,R2,0,TACGATTTGTCAGGG,CD2,5P(BC)
TotalSeq-A,A0368,R2,0,TCTCAGTGTTTGTGG,CD226,5P(BC)
TotalSeq-A,A0369,R2,0,GTATTCCCTCAGTCA,CD29,5P(BC)
TotalSeq-A,A0370,R2,0,GAGATGTCCGAATTT,CD303,5P(BC)
TotalSeq-A,A0371,R2,0,GCTTTCTTCAGTATG,CD49b,5P(BC)
TotalSeq-A,A0372,R2,0,AGGTTGGAGTAGACT,CD61,5P(BC)
TotalSeq-A,A0373,R2,0,GTATCCTTCCTTGGC,CD81,5P(BC)
TotalSeq-A,A0374,R2,0,GCACCAACAGCCATT,CD98,5P(BC)
TotalSeq-A,A0375,R2,0,CTGGAGCGATTAGAA,IgG_Fc,5P(BC)
TotalSeq-A,A0376,R2,0,ACCAGTTGTCATTAC,CD195,5P(BC)
TotalSeq-A,A0378,R2,0,ATTCCGTCCCTAAGG,CD223,5P(BC)
TotalSeq-A,A0380,R2,0,AGTATGGGATGCAAT,CD90/CD90.1,5P(BC)
TotalSeq-A,A0381,R2,0,CGTCCTAGTCATTGG,Panendothelial_Cell_Antigen,5P(BC)
TotalSeq-A,A0382,R2,0,AGTATGGAGCCATAT,CD177,5P(BC)
TotalSeq-A,A0383,R2,0,GCTCATTACCCATTA,CD55,5P(BC)
TotalSeq-A,A0384,R2,0,CAGTCTCCGTAGAGT,IgD,5P(BC)
TotalSeq-A,A0385,R2,0,TATTGGGACACTTCT,CD18,5P(BC)
TotalSeq-A,A0386,R2,0,TGAGAACGACCCTAA,CD28,5P(BC)
TotalSeq-A,A0387,R2,0,CAGTCCTCTCTGTCA,TSLPR,5P(BC)
TotalSeq-A,A0388,R2,0,AGTGTTTGTCCTGGT,CD152,5P(BC)
TotalSeq-A,A0389,R2,0,TGTACCCGCTTGTGA,CD38,5P(BC)
TotalSeq-A,A0390,R2,0,GTGTGTTGTCCTATG,CD127,5P(BC)
TotalSeq-A,A0391,R2,0,TGCAATTACCCGGAT,CD45,5P(BC)
TotalSeq-A,A0392,R2,0,TCACCAGTACCTAGT,CD15,5P(BC)
TotalSeq-A,A0393,R2,0,GGGTTGTTGTCTTTG,CD22,5P(BC)
TotalSeq-A,A0394,R2,0,CCGTGTTCCTCATTA,CD71,5P(BC)
TotalSeq-A,A0395,R2,0,TGTATGTCTGCCTTG,B7-H4,5P(BC)
TotalSeq-A,A0396,R2,0,GGTGGCTAGATAATG,CD26,5P(BC)
TotalSeq-A,A0397,R2,0,ACCAATCCTTTCGTC,CD193,5P(BC)
TotalSeq-A,A0398,R2,0,AATCACGGTCCTTGT,CD115,5P(BC)
TotalSeq-A,A0399,R2,0,TAGCGAGCCAGATGT,CD204,5P(BC)
TotalSeq-A,A0400,R2,0,TCCACTCATTCTGTA,CD144,5P(BC)
TotalSeq-A,A0401,R2,0,ACCTAGAAATCAGCA,CD301,5P(BC)
TotalSeq-A,A0402,R2,0,GATCGTGTTGTGTTA,CD1a,5P(BC)
TotalSeq-A,A0403,R2,0,CATTCTTCACGGGAT,CD207,5P(BC)
TotalSeq-A,A0404,R2,0,GAGATGTCTGCAACT,CD63,5P(BC)
TotalSeq-A,A0405,R2,0,GCTTAGCTGTATCCG,CD284,5P(BC)
TotalSeq-A,A0406,R2,0,GGACTAAGTTTCGTT,CD304,5P(BC)
TotalSeq-A,A0407,R2,0,TTCTTTGCCTTGCCA,CD36,5P(BC)
TotalSeq-A,A0408,R2,0,CGTGTTTAACTTGAG,CD172a_(SIRPa),5P(BC)
TotalSeq-A,A0409,R2,0,TGTCAGTTCCTATGA,CD85,5P(BC)
TotalSeq-A,A0410,R2,0,CCTATTCCGATTCCG,CD38,5P(BC)
TotalSeq-A,A0415,R2,0,TTGCTTATTTCCGCA,P2RY12,5P(BC)
TotalSeq-A,A0416,R2,0,CGGTCCGTATCATTT,CD300LG,5P(BC)
TotalSeq-A,A0417,R2,0,GAGCAAGATTAAGAC,CD163,5P(BC)
TotalSeq-A,A0418,R2,0,TGACCCGACCTTTAG,CD243,5P(BC)
TotalSeq-A,A0419,R2,0,CAGTCGTGGTAGATA,CD72,5P(BC)
TotalSeq-A,A0420,R2,0,TATCAACCAACGCTT,CD158,5P(BC)
TotalSeq-A,A0421,R2,0,CGCGTTAGTAGAGTC,CD49b,5P(BC)
TotalSeq-A,A0422,R2,0,GATTCCCTTGTAGCA,CD172a_(SIRPa),5P(BC)
TotalSeq-A,A0423,R2,0,TCCTGCATGTACCCA,MERTK,5P(BC)
TotalSeq-A,A0424,R2,0,AACCAACAGTCACGT,CD14,5P(BC)
TotalSeq-A,A0426,R2,0,AGTGCGATCTGCAAC,CD192_(CCR2),5P(BC)
TotalSeq-A,A0427,R2,0,TGTGGCTAGTCAGTT,Folate_Receptor_b_(FR-b),5P(BC)
TotalSeq-A,A0428,R2,0,CGTCATATAGTATGG,Tim-4,5P(BC)
TotalSeq-A,A0429,R2,0,AGAACCGCCGTAGTT,CD48,5P(BC)
TotalSeq-A,A0430,R2,0,GATGGACGACAATTC,CD171_(L1CAM),5P(BC)
TotalSeq-A,A0431,R2,0,TCAATCTCCGTCGCT,CD170,5P(BC)
TotalSeq-A,A0432,R2,0,CAGGTCCCTTATTTC,CD230_(Prion),5P(BC)
TotalSeq-A,A0433,R2,0,CCTTCCCTTTCCTCT,CD325,5P(BC)
TotalSeq-A,A0436,R2,0,CGGTATATCAACAGA,Biotin,5P(BC)
TotalSeq-A,A0439,R2,0,TATGATCTGCCCTTG,CD201,5P(BC)
TotalSeq-A,A0440,R2,0,ATTGACGACAGTCAT,CD169,5P(BC)
TotalSeq-A,A0441,R2,0,ACCGACCAGTAGACA,CD71,5P(BC)
TotalSeq-A,A0442,R2,0,TCCGGTCACTCAGTA,Notch_1,5P(BC)
TotalSeq-A,A0443,R2,0,ACTTGGATGGACACT,CD41,5P(BC)
TotalSeq-A,A0444,R2,0,GTCGTGGTGTTGTTC,CD184,5P(BC)
TotalSeq-A,A0445,R2,0,TCGAACATTTCCAGG,TMEM119,5P(BC)
TotalSeq-A,A0446,R2,0,GCGCTACTTCCTTGA,CD93,5P(BC)
TotalSeq-A,A0448,R2,0,AGCTAGACACGTTGT,CD204,5P(BC)
TotalSeq-A,A0449,R2,0,ACCCGCGTTAGTATG,CD326,5P(BC)
TotalSeq-A,A0450,R2,0,AGCTACGCATTCAAT,IgM,5P(BC)
TotalSeq-A,A0551,R2,0,TGTATTTACTCACCG,CD301a,5P(BC)
TotalSeq-A,A0552,R2,0,CCAGCTCATTCAACG,CD304,5P(BC)
TotalSeq-A,A0553,R2,0,ATAAGAGCCCACCAT,CD309,5P(BC)
TotalSeq-A,A0554,R2,0,AGTTGTCCTGTACGA,CD309,5P(BC)
TotalSeq-A,A0555,R2,0,TTTGCCGCTACGACA,CD36,5P(BC)
TotalSeq-A,A0557,R2,0,CGTATCCGTCTCCTA,CD38,5P(BC)
TotalSeq-A,A0558,R2,0,ATTGTTGTCAGACCA,CD55,5P(BC)
TotalSeq-A,A0559,R2,0,ATCCGACACGTATTA,CD63,5P(BC)
TotalSeq-A,A0560,R2,0,CTTTCTTTCACGGGA,CD68,5P(BC)
TotalSeq-A,A0561,R2,0,TAACTCAGTGCGAGT,CD79b,5P(BC)
TotalSeq-A,A0562,R2,0,TCTCAGGCTTCCTAG,CD83,5P(BC)
TotalSeq-A,A0563,R2,0,CACTCTCAGTCCTAT,CX3CR1,5P(BC)
TotalSeq-A,A0564,R2,0,CTCAGATGCCCTTTA,Folate_Receptor_b,5P(BC)
TotalSeq-A,A0566,R2,0,CTTGCCTTGCGATTT,CD301b,5P(BC)
TotalSeq-A,A0567,R2,0,TGCTGGAGGGTATTC,Tim-4,5P(BC)
TotalSeq-A,A0568,R2,0,TCCATTACCCACGTT,XCR1,5P(BC)
TotalSeq-A,A0569,R2,0,TAAGACTTGGCCGTC,CD338,5P(BC)
TotalSeq-A,A0570,R2,0,ACGCATTCCTTGTGT,CD29,5P(BC)
TotalSeq-A,A0571,R2,0,TCATATCCGTTGTCC,IgD,5P(BC)
TotalSeq-A,A0572,R2,0,ACAATTTGTCTGCGA,C5L2,5P(BC)
TotalSeq-A,A0573,R2,0,GTCATTGCGGTCCTA,CD140a,5P(BC)
TotalSeq-A,A0574,R2,0,AGAGTATGTATGGGA,CD235a,5P(BC)
TotalSeq-A,A0575,R2,0,ACTGATGGACTCAGA,CD49a,5P(BC)
TotalSeq-A,A0576,R2,0,CCATTCAACTTCCGG,CD49d,5P(BC)
TotalSeq-A,A0577,R2,0,CAGTTCCTCAGTTCG,CD73,5P(BC)
TotalSeq-A,A0579,R2,0,GAGTCACCAATCTGC,CD9,5P(BC)
TotalSeq-A,A0581,R2,0,TACGAGCAGTATTCA,TCR_Va7.2,5P(BC)
TotalSeq-A,A0582,R2,0,TCAGTCAGATGGTAT,TCR_Vd2,5P(BC)
TotalSeq-A,A0583,R2,0,AAGTGATGGTATCTG,TCR_Vg9,5P(BC)
TotalSeq-A,A0584,R2,0,AACTTCTGTGGTAGC,TCR_Va24-Ja18,5P(BC)
TotalSeq-A,A0586,R2,0,TAGCCGTTTCCTTTG,CD354,5P(BC)
TotalSeq-A,A0588,R2,0,CGATCCCTTACCTAT,CD202b,5P(BC)
TotalSeq-A,A0590,R2,0,ATTTCCATTCCCTGT,CD305,5P(BC)
TotalSeq-A,A0591,R2,0,ACCCTTTACCGAATA,LOX-1,5P(BC)
TotalSeq-A,A0592,R2,0,GACCCGTAGTTTGAT,CD158b,5P(BC)
TotalSeq-A,A0593,R2,0,TAACCGTACCTGCAT,CD203c,5P(BC)
TotalSeq-A,A0594,R2,0,GTAAGACGCCTATGC,CD133,5P(BC)
TotalSeq-A,A0595,R2,0,AGAGTCTCCCTTTAG,CD11a,5P(BC)
TotalSeq-A,A0596,R2,0,TATAGTTTCCGCCGT,ESAM,5P(BC)
TotalSeq-A,A0597,R2,0,TCACTGGACACTTAA,CD209,5P(BC)
TotalSeq-A,A0598,R2,0,TGTTGTAAGATGCCA,CD110,5P(BC)
TotalSeq-A,A0599,R2,0,GGACGCTTTCCTTGA,CD158e1,5P(BC)
TotalSeq-A,A0600,R2,0,AAAGTGATGCCACTG,CD158f,5P(BC)
TotalSeq-A,A0801,R2,0,AAAGTCACTCTGCCG,CD337,5P(BC)
TotalSeq-A,A0802,R2,0,GGGCAATTAGCGAGT,CD336,5P(BC)
TotalSeq-A,A0803,R2,0,GCCATTCCTGCCTAA,CD253,5P(BC)
TotalSeq-A,A0804,R2,0,GACAGTCGATGCAAC,CD186,5P(BC)
TotalSeq-A,A0805,R2,0,AGACCAACTCATTCA,CD226,5P(BC)
TotalSeq-A,A0807,R2,0,ATTCTTTCCCTCTGT,CD200R,5P(BC)
TotalSeq-A,A0808,R2,0,TAGAACCGTATCCGT,CD193,5P(BC)
TotalSeq-A,A0809,R2,0,ATCAACTTGGAGCAG,CD200R3,5P(BC)
TotalSeq-A,A0810,R2,0,GCGTTTGTATGTACT,CD138,5P(BC)
TotalSeq-A,A0811,R2,0,TGTGGTAGCCCTTGT,CD317,5P(BC)
TotalSeq-A,A0812,R2,0,TATCCCTGCCTTGCA,CD105,5P(BC)
TotalSeq-A,A0813,R2,0,TAGCAGTCACTCCTA,CD9,5P(BC)
TotalSeq-A,A0814,R2,0,CTATCGTTTGATGCA,CD205,5P(BC)
TotalSeq-A,A0816,R2,0,AACCGCGCTTCAGAT,CD271,5P(BC)
TotalSeq-A,A0817,R2,0,CACTTAACTCTGGGT,CD109,5P(BC)
TotalSeq-A,A0818,R2,0,GCGATTCATGTCACG,CD18,5P(BC)
TotalSeq-A,A0819,R2,0,TGATGGGAGCTTATC,CD126,5P(BC)
TotalSeq-A,A0821,R2,0,GAGGCACTTAACATA,CD164,5P(BC)
TotalSeq-A,A0822,R2,0,CACTGCCGTCGATTA,CD142,5P(BC)
TotalSeq-A,A0824,R2,0,TGCTTCATTCATGTG,P2X7R,5P(BC)
TotalSeq-A,A0825,R2,0,GCGAGAAATCTGCAT,CD371,5P(BC)
TotalSeq-A,A0826,R2,0,GCCTAGTTTGAACGC,CD307c/FcRL3,5P(BC)
TotalSeq-A,A0827,R2,0,AGGTCCTCTCTGGAT,CD22,5P(BC)
TotalSeq-A,A0828,R2,0,CGATTTGATCTGCCT,CD307d,5P(BC)
TotalSeq-A,A0829,R2,0,TCACGCAGTCCTCAA,CD307e,5P(BC)
TotalSeq-A,A0830,R2,0,AGTATGCCATGTCTT,CD319,5P(BC)
TotalSeq-A,A0831,R2,0,GTATAGACCAAAGCC,CD138,5P(BC)
TotalSeq-A,A0834,R2,0,GCGTATTTAACCCGT,CD39,5P(BC)
TotalSeq-A,A0835,R2,0,GAGGCTTATCATTTC,CD314,5P(BC)
TotalSeq-A,A0836,R2,0,GCTTGGGCAATTAAG,DR3,5P(BC)
TotalSeq-A,A0837,R2,0,GCGATGGAGCATGTT,IL-33Ra,5P(BC)
TotalSeq-A,A0839,R2,0,CCAGTAGGCTTATTA,Ly49H,5P(BC)
TotalSeq-A,A0840,R2,0,CGTATCTGTCATTAG,Ly49G,5P(BC)
TotalSeq-A,A0841,R2,0,TATATCCCTCAACGC,Ly49D,5P(BC)
TotalSeq-A,A0842,R2,0,AATTCCGTCAGATGA,Ly-49A,5P(BC)
TotalSeq-A,A0843,R2,0,ATTCCTCATTCCTGA,CD199,5P(BC)
TotalSeq-A,A0844,R2,0,AGATGGGACTCACCA,CD45RB,5P(BC)
TotalSeq-A,A0845,R2,0,ACCCGTCCCTAAGAA,CD99,5P(BC)
TotalSeq-A,A0846,R2,0,ACGTAGTCACCTAGT,CD185,5P(BC)
TotalSeq-A,A0847,R2,0,ACTGCCATATCCCTA,CD278,5P(BC)
TotalSeq-A,A0848,R2,0,GAAAGTCGCCAACAG,TIGIT,5P(BC)
TotalSeq-A,A0849,R2,0,GACCCGGTGTCATTT,CD80,5P(BC)
TotalSeq-A,A0850,R2,0,CCATTCATTTGTGGC,CD49a,5P(BC)
TotalSeq-A,A0851,R2,0,CAACTTGGCCGAATC,CD1d,5P(BC)
TotalSeq-A,A0852,R2,0,ACGCAGTATTTCCGA,CD226,5P(BC)
TotalSeq-A,A0853,R2,0,CATTAGAGTCTGCCA,CD371,5P(BC)
TotalSeq-A,A0854,R2,0,CCCTCTGGTATGGTT,CD199,5P(BC)
TotalSeq-A,A0857,R2,0,GATTCCTTTACGAGC,CD34,5P(BC)
TotalSeq-A,A0858,R2,0,ACAGTACGACCTTCT,CD46,5P(BC)
TotalSeq-A,A0861,R2,0,CTTACCTAGTCATTC,CD151,5P(BC)
TotalSeq-A,A0862,R2,0,TTGTTGTATCCGATC,CD218a,5P(BC)
TotalSeq-A,A0863,R2,0,CAGAGCACCCATTAA,CD257,5P(BC)
TotalSeq-A,A0864,R2,0,AGTTTCCACTCAGGC,CD352,5P(BC)
TotalSeq-A,A0865,R2,0,TGATCCGAAGTCGTG,VEGFR-3,5P(BC)
TotalSeq-A,A0866,R2,0,TGCCAGTATCACGTA,CLEC1B_(CLEC2),5P(BC)
TotalSeq-A,A0867,R2,0,CTTTCCGGTCCTACA,CD94,5P(BC)
TotalSeq-A,A0868,R2,0,GGATGTACCGCGTAT,IgE,5P(BC)
TotalSeq-A,A0869,R2,0,CTTCTGGGATTCTGG,CD365,5P(BC)
TotalSeq-A,A0870,R2,0,GTCATTGTATGTCTG,CD150,5P(BC)
TotalSeq-A,A0871,R2,0,ATATGTCAGAGCACC,CD162,5P(BC)
TotalSeq-A,A0872,R2,0,CTCCCTAGTTCCTTT,CD84,5P(BC)
TotalSeq-A,A0874,R2,0,GTTGGATGGTAGACT,MR1,5P(BC)
TotalSeq-A,A0875,R2,0,GCAGTTGTCCGATTC,TLR4_(CD284)/MD2_Complex,5P(BC)
TotalSeq-A,A0876,R2,0,GTGATCTAAGATGCG,CD300c/d,5P(BC)
TotalSeq-A,A0877,R2,0,GTTATGGTTCGTGTT,JAML,5P(BC)
TotalSeq-A,A0880,R2,0,GTATTCCGCACCTAT,GITR_Ligand,5P(BC)
TotalSeq-A,A0881,R2,0,TGACCCTATTGAGAA,CD272,5P(BC)
TotalSeq-A,A0882,R2,0,TGTAGAGTCAGACCT,PIR-A/B,5P(BC)
TotalSeq-A,A0883,R2,0,ATGGCCTGTCATAAT,CD26,5P(BC)
TotalSeq-A,A0884,R2,0,AGACCTCCTTACGAT,DLL1,5P(BC)
TotalSeq-A,A0885,R2,0,GATCCGTGTTGCCTA,CD270,5P(BC)
TotalSeq-A,A0887,R2,0,TAGTATGCTGGAGCG,CD339,5P(BC)
TotalSeq-A,A0888,R2,0,GTACTTAACGTCATC,Notch_4,5P(BC)
TotalSeq-A,A0889,R2,0,AAGCTGCATTTCCTT,Slc7a1_(Cat-1ERR),5P(BC)
TotalSeq-A,A0890,R2,0,CAGTTCAGTACGCAG,CD137L,5P(BC)
TotalSeq-A,A0891,R2,0,CATTAACCGCCCTTA,ENPP1,5P(BC)
TotalSeq-A,A0892,R2,0,TTGCCGTGTGTTTAA,CD2,5P(BC)
TotalSeq-A,A0893,R2,0,GAAGCTGTATCCGAA,CD120b,5P(BC)
TotalSeq-A,A0894,R2,0,AGCTCAGCCAGTATG,Ig_light_chaink,5P(BC)
TotalSeq-A,A0895,R2,0,GATGCAATTAGCCGG,Mac-2,5P(BC)
TotalSeq-A,A0896,R2,0,CCTTGTGAGGCTATG,CD85j,5P(BC)
TotalSeq-A,A0897,R2,0,TCTGTATAACCGTCT,CD23,5P(BC)
TotalSeq-A,A0898,R2,0,CAGCCAGTAAGTCAC,Ig_light_chainl,5P(BC)
TotalSeq-A,A0899,R2,0,GAACATTTCCGACAA,HLA-A2,5P(BC)
TotalSeq-A,A0900,R2,0,AGCCCGGATGTATTT,CD198,5P(BC)
TotalSeq-A,A0901,R2,0,AGGTATGGTAGAGTA,GARP,5P(BC)
TotalSeq-A,A0902,R2,0,CTTAGCATTTCACTG,CD328,5P(BC)
TotalSeq-A,A0903,R2,0,ATTTGTATGCTGGAG,CD40,5P(BC)
TotalSeq-A,A0904,R2,0,GCTGTAGTATCATGT,CD31,5P(BC)
TotalSeq-A,A0905,R2,0,AAATCTGTGCCGTAC,CD107a,5P(BC)
TotalSeq-A,A0906,R2,0,CTGGTATGCGATTAA,CD96,5P(BC)
TotalSeq-A,A0908,R2,0,TTATGGACGTATGGT,TCR_Vb13.1,5P(BC)
TotalSeq-A,A0910,R2,0,TTCTTTACCCGCCTG,CD61,5P(BC)
TotalSeq-A,A0911,R2,0,TGACCAGTTCCGCAT,Phycoerythrin,5P(BC)
TotalSeq-A,A0912,R2,0,GCCTAGTTTCCGTTT,GPR56,5P(BC)
TotalSeq-A,A0913,R2,0,TTAGCCCGTAGACCA,CD158d,5P(BC)
TotalSeq-A,A0914,R2,0,CACTCCTTGTAGTCA,CD273,5P(BC)
TotalSeq-A,A0915,R2,0,ACATTTCCCTTGCCT,VISTA,5P(BC)
TotalSeq-A,A0916,R2,0,GAACCGTAGTATAAC,CD124,5P(BC)
TotalSeq-A,A0917,R2,0,CACATCGTTTGTGTA,CD95_(Fas),5P(BC)
TotalSeq-A,A0918,R2,0,GAGTCGAGAAATCAT,HLA-E,5P(BC)
TotalSeq-A,A0919,R2,0,CCCGCAGTATAACGA,MICA/MICB,5P(BC)
TotalSeq-A,A0922,R2,0,GCGATCCCTTGAGAT,CD4,5P(BC)
TotalSeq-A,A0923,R2,0,TATAGTTCCTCTGTG,NKp80,5P(BC)
TotalSeq-A,A0925,R2,0,CCCTTTCCGATTCAA,CD253,5P(BC)
TotalSeq-A,A0926,R2,0,TGTCAGGTTGTATTC,CD186_(CXCR6),5P(BC)
TotalSeq-A,A0927,R2,0,GTGTTTGTGTTCCTG,CD159a,5P(BC)
TotalSeq-A,A0928,R2,0,GAGTTCGTTGTTCCA,TSPAN33,5P(BC)
TotalSeq-A,A0930,R2,0,CGATTCTTTGCGAGT,Ly108,5P(BC)
TotalSeq-A,A0931,R2,0,CTGCATGAGACCAAA,CD131,5P(BC)
TotalSeq-A,A0932,R2,0,CCTCTATTCAGAGCA,LT-bR,5P(BC)
TotalSeq-A,A0934,R2,0,TAGATGGGATTCCGG,CD179a,5P(BC)
TotalSeq-A,A0937,R2,0,TGTTTGTAAGTTCCC,CD202b,5P(BC)
TotalSeq-A,A0940,R2,0,ATGGACAGTTCGTGT,CD116,5P(BC)
TotalSeq-A,A0941,R2,0,ACAGTCACTGGGCAA,CD37,5P(BC)
TotalSeq-A,A0948,R2,0,GACAGTACCGACACT,CD321,5P(BC)
TotalSeq-A,A0951,R2,0,AACCTTTGCCACTGC,Biotin,5P(BC)
TotalSeq-A,A0952,R2,0,GTCCGACTAATAGCT,Biotin,5P(BC)
TotalSeq-A,A0953,R2,0,CAGGTTGTTGTCATT,Biotin,5P(BC)
TotalSeq-A,A0954,R2,0,TATTTCCACCCGGTC,Biotin,5P(BC)
TotalSeq-A,A0955,R2,0,GTTGTGAGCACGAGA,Biotin,5P(BC)
TotalSeq-A,A0961,R2,0,ACCCGGTATCAATTA,Biotin,5P(BC)
TotalSeq-A,A0962,R2,0,TCTCCTATTGGGCGA,Biotin,5P(BC)
TotalSeq-A,A0963,R2,0,AACGTATGTCCTTGC,Biotin,5P(BC)
TotalSeq-A,A0981,R2,0,TTGACCCGCTACGAA,TCR_Va2,5P(BC)
TotalSeq-A,A0985,R2,0,GAGGATGATGCCATG,CD360,5P(BC)
TotalSeq-A,A0988,R2,0,TTTGTGTTGTGGTAC,FITC,5P(BC)
TotalSeq-A,A0989,R2,0,TCCTTCCTTTGTAGC,CD98,5P(BC)
TotalSeq-A,A1006,R2,0,GCGTATGTCAGTACC,CD160,5P(BC)
TotalSeq-A,A1007,R2,0,ATGTCAACTCTGGGA,CD85k,5P(BC)
TotalSeq-A,A1008,R2,0,GGAGTCAGGGTATTA,CD51,5P(BC)
TotalSeq-A,A1009,R2,0,CACAGTTGTCCGTGT,CD94,5P(BC)
TotalSeq-A,A1010,R2,0,CATATTGGCCGTAGT,CD205,5P(BC)
TotalSeq-A,A1011,R2,0,TAGCTTGGGATTAAG,CD155,5P(BC)
TotalSeq-A,A1012,R2,0,GTCACGTAGTATCTT,CD178,5P(BC)
TotalSeq-A,A1013,R2,0,ATGGGATTAACCGTC,CD365_(Tim-1),5P(BC)
TotalSeq-A,A1015,R2,0,CATAAGATTCCGAGC,CD166,5P(BC)
TotalSeq-A,A1016,R2,0,AGAGCAATTTCAGGG,CD157,5P(BC)
TotalSeq-A,A1018,R2,0,AGCTACGAGCAGTAG,HLA-DR_DP_DQ,5P(BC)
TotalSeq-A,A1019,R2,0,TGTACGCATGTATGG,CD215,5P(BC)
TotalSeq-A,A1024,R2,0,GCGCAACTCCTTGTA,CD120b,5P(BC)
TotalSeq-A,A1027,R2,0,CTAGATAACGACCGA,PSMA,5P(BC)
TotalSeq-A,A1029,R2,0,TCGTTTGTGGTAACT,CD104,5P(BC)
TotalSeq-A,A1030,R2,0,GTAGCATTGTAGTGA,CD89,5P(BC)
TotalSeq-A,A1031,R2,0,GAGATGTCTTTCGCC,CD47,5P(BC)
TotalSeq-A,A1033,R2,0,CTTTAGCAATTAGCG,IL-23R,5P(BC)
TotalSeq-A,A1035,R2,0,GGGCGATTTAGTGTG,Podoplanin,5P(BC)
TotalSeq-A,A1036,R2,0,GGGTATCCTGATAGG,CD144,5P(BC)
TotalSeq-A,A1037,R2,0,CTAGACCCTTCCCTT,CD133,5P(BC)
TotalSeq-A,A1038,R2,0,TAATGCCCTTTCCTT,C3aR,5P(BC)
TotalSeq-A,A1039,R2,0,GCACTTCATTCAGTG,TRA-1-81,5P(BC)
TotalSeq-A,A1040,R2,0,TCCTCATTCATGTAC,TRA-1-60-R,5P(BC)
TotalSeq-A,A1041,R2,0,ATGTACCCGGTGTGT,IgMk,5P(BC)
TotalSeq-A,A1042,R2,0,GCAGTCCTACATTGA,CD88,5P(BC)
TotalSeq-A,A1043,R2,0,AGCACCCGACATTTC,CD74_(CLIP),5P(BC)
TotalSeq-A,A1044,R2,0,AACCTAAGAGCCCGT,ROR1,5P(BC)
TotalSeq-A,A1046,R2,0,GCCGCATGAGAAACA,CD88,5P(BC)
TotalSeq-A,A1052,R2,0,CTGATGAGATGTCAG,CD224,5P(BC)
TotalSeq-A,A1059,R2,0,TTCACCGTAGTACGA,HLA-DQ,5P(BC)
TotalSeq-A,A1064,R2,0,TTGTCACCAACTTCC,CD81,5P(BC)
TotalSeq-A,A1129,R2,0,ATAGTACGACCCGAT,DYKDDDDK,5P(BC)
TotalSeq-A,A1132,R2,0,GATATTCCCACCAAA,His_Tag,5P(BC)
TotalSeq-A,A1133,R2,0,GTTGTAGACCCTTAT,Notch_2,5P(BC)
TotalSeq-A,A1139,R2,0,CCTTTCCGTCGATCA,TCR_vbeta8.3,5P(BC)
TotalSeq-A,A0246,R2,0,TCATTTCCTCCGATT,CD122,5P(BC)
TotalSeq-A,A0447,R2,0,CACGTAGACCTTTGC,CD200,5P(BC)
TotalSeq-A,A0920,R2,0,TCCCACTTCCGCTTT,CD82,5P(BC)
TotalSeq-A,A0935,R2,0,CTGTAGCATTTCCCT,CD74,5P(BC)
TotalSeq-A,A0944,R2,0,CTACTTCCCTGTCAA,CD101,5P(BC)
TotalSeq-A,A0251,R2,0,GTCAACTCTTTAGCG,HHTO-01,5P(BC)
TotalSeq-A,A0252,R2,0,TGATGGCCTATTGGG,HHTO-02,5P(BC)
TotalSeq-A,A0253,R2,0,TTCCGCCTCTCTTTG,HHTO-03,5P(BC)
TotalSeq-A,A0254,R2,0,AGTAAGTTCAGCGTA,HHTO-04,5P(BC)
TotalSeq-A,A0255,R2,0,AAGTATCGTTTCGCA,HHTO-05,5P(BC)
TotalSeq-A,A0256,R2,0,GGTTGCCAGATGTCA,HHTO-06,5P(BC)
TotalSeq-A,A0257,R2,0,TGTCTTTCCTGCCAG,HHTO-07,5P(BC)
TotalSeq-A,A0258,R2,0,CTCCTCTGCAATTAC,HHTO-08,5P(BC)
TotalSeq-A,A0259,R2,0,CAGTAGTCACGGTCA,HHTO-09,5P(BC)
TotalSeq-A,A0260,R2,0,ATTGACCCGCGTTAG,HHTO-10,5P(BC)
TotalSeq-A,A0296,R2,0,CGATTGTAGACCTTT,HHTO-11,5P(BC)
TotalSeq-A,A0262,R2,0,TAACGACCAGCCATA,HHTO-12,5P(BC)
TotalSeq-A,A0263,R2,0,AAATCTCTCAGGCTC,HHTO-13,5P(BC)
TotalSeq-A,A0264,R2,0,CTGTATGTCCGATTG,HHTO-14,5P(BC)
TotalSeq-A,A0265,R2,0,TAAGATTCAGAGCGA,HHTO-15,5P(BC)
TotalSeq-A,A0276,R2,0,CTCAGTGCATTCTGG,HHTO-16,5P(BC)
TotalSeq-A,A0277,R2,0,GCATTCTGTGCTATC,HHTO-17,5P(BC)
TotalSeq-A,A0278,R2,0,CAAACCAACAGTTCG,HHTO-18,5P(BC)
TotalSeq-A,A0279,R2,0,ACCCTTCCCTTCGTT,HHTO-19,5P(BC)
TotalSeq-A,A0280,R2,0,TAACCACTGGATGAT,HHTO-20,5P(BC)
TotalSeq-A,A0281,R2,0,ACGTTGTGCATTGAC,HHTO-21,5P(BC)
TotalSeq-A,A0282,R2,0,CAAGGTGGCCTGTAT,HHTO-22,5P(BC)
TotalSeq-A,A0284,R2,0,GGTTGTTGTTAGTGG,HHTO-24,5P(BC)
TotalSeq-A,A0297,R2,0,ACCTGCAACTCATTC,HHTO-23,5P(BC)
TotalSeq-A,A0301,R2,0,ACCCACCAGTAAGAC,MHTO-01,5P(BC)
TotalSeq-A,A0302,R2,0,GGTCGAGAGCATTCA,MHTO-02,5P(BC)
TotalSeq-A,A0303,R2,0,CTTGCCGCATGTCAT,MHTO-03,5P(BC)
TotalSeq-A,A0304,R2,0,AAAGCATTCTTCACG,MHTO-04,5P(BC)
TotalSeq-A,A0305,R2,0,CTTTGTCTTTGTGAG,MHTO-05,5P(BC)
TotalSeq-A,A0306,R2,0,TATGCTGCCACGGTA,MHTO-06,5P(BC)
TotalSeq-A,A0307,R2,0,GAGTCTGCCAGTATC,MHTO-07,5P(BC)
TotalSeq-A,A0308,R2,0,TATAGAACGCCAGGC,MHTO-08,5P(BC)
TotalSeq-A,A0309,R2,0,TGCCTATGAAACAAG,MHTO-09,5P(BC)
TotalSeq-A,A0310,R2,0,CCGATTGTAACAGAC,MHTO-10,5P(BC)
TotalSeq-A,A0311,R2,0,GCTTACCGAATTAAC,MHTO-11,5P(BC)
TotalSeq-A,A0312,R2,0,CTGCAAATATAACGG,MHTO-12,5P(BC)
TotalSeq-A,A0313,R2,0,CTACATTGCGATTTG,MHTO-13,5P(BC)
TotalSeq-A,A0314,R2,0,CTTTCGCCAACTCTG,MHTO-14,5P(BC)
TotalSeq-A,A0315,R2,0,CCCTCTCTGGATTCT,MHTO-15,5P(BC)
TotalSeq-A,A0451,R2,0,TTCCTGCCATTACTA,NHTO-01,5P(BC)
TotalSeq-A,A0452,R2,0,CCGTACCTCATTGTT,NHTO-02,5P(BC)
TotalSeq-A,A0453,R2,0,GGTAGATGTCCTCAG,NHTO-03,5P(BC)
TotalSeq-A,A0454,R2,0,TGGTGTCATTCTTGA,NHTO-04,5P(BC)
TotalSeq-A,A0455,R2,0,ATGATGAACAGCCAG,NHTO-05,5P(BC)
TotalSeq-A,A0456,R2,0,CTCGAACGCTTATCG,NHTO-06,5P(BC)
TotalSeq-A,A0457,R2,0,CTTATCACCGCTCAA,NHTO-07,5P(BC)
TotalSeq-A,A0458,R2,0,TGACGCCGTTGTTGT,NHTO-08,5P(BC)
TotalSeq-A,A0459,R2,0,GCCTAGTATGATCCA,NHTO-09,5P(BC)
TotalSeq-A,A0460,R2,0,AGTCACAGTATTCCA,NHTO-10,5P(BC)
TotalSeq-A,A0461,R2,0,TTGGCCTTTGTATCG,NHTO-11,5P(BC)
TotalSeq-A,A0462,R2,0,AACGCCAGTATGAAC,NHTO-12,5P(BC)
TotalSeq-A,A0463,R2,0,GCTTCCGTATATCTG,NHTO-13,5P(BC)
TotalSeq-A,A0464,R2,0,AGCAACTCACTCTTT,NHTO-14,5P(BC)
TotalSeq-A,A0465,R2,0,CACTAGAGCTTGGAT,NHTO-15,5P(BC)
TotalSeq-B,B0001,R2,10,AACAAGACCCTTGAG,CD4,5PNNNNNNNNNN(BC)
TotalSeq-B,B0002,R2,10,TACCCGTAATAGCGT,CD8a,5PNNNNNNNNNN(BC)
TotalSeq-B,B0003,R2,10,ATTGGCACTCAGATG,CD366,5PNNNNNNNNNN(BC)
TotalSeq-B,B0004,R2,10,GAAAGTCAAAGCACT,CD279,5PNNNNNNNNNN(BC)
TotalSeq-B,B0005,R2,10,ACGAATCAATCTGTG,CD80,5PNNNNNNNNNN(BC)
TotalSeq-B,B0006,R2,10,GTCTTTGTCAGTGCA,CD86,5PNNNNNNNNNN(BC)
TotalSeq-B,B0007,R2,10,GTTGTCCGACAATAC,CD274,5PNNNNNNNNNN(BC)
TotalSeq-B,B0008,R2,10,TCAACGCTTGGCTAG,CD273,5PNNNNNNNNNN(BC)
TotalSeq-B,B0009,R2,10,GTGCATTCAACAGTA,CD275,5PNNNNNNNNNN(BC)
TotalSeq-B,B0012,R2,10,TGCATGTCATCGGTG,CD117,5PNNNNNNNNNN(BC)
TotalSeq-B,B0013,R2,10,AAGTCGTGAGGCATG,Ly-6C,5PNNNNNNNNNN(BC)
TotalSeq-B,B0014,R2,10,TGAAGGCTCATTTGT,CD11b,5PNNNNNNNNNN(BC)
TotalSeq-B,B0015,R2,10,ACATTGACGCAACTA,Ly-6G,5PNNNNNNNNNN(BC)
TotalSeq-B,B0020,R2,10,TGATAGAAACAGACC,CD270,5PNNNNNNNNNN(BC)
TotalSeq-B,B0022,R2,10,ATTCGCCTTACGCAA,CD137L,5PNNNNNNNNNN(BC)
TotalSeq-B,B0023,R2,10,ATCACATCGTTGCCA,CD155,5PNNNNNNNNNN(BC)
TotalSeq-B,B0024,R2,10,AACCTTCCGTCTAAG,CD112,5PNNNNNNNNNN(BC)
TotalSeq-B,B0026,R2,10,GCATTCTGTCACCTA,CD47,5PNNNNNNNNNN(BC)
TotalSeq-B,B0027,R2,10,CGCGAACATAAGAAG,CD70,5PNNNNNNNNNN(BC)
TotalSeq-B,B0028,R2,10,TCAGGGTGTGCTGTA,CD30,5PNNNNNNNNNN(BC)
TotalSeq-B,B0029,R2,10,CTACGACGTAGAAGA,CD48,5PNNNNNNNNNN(BC)
TotalSeq-B,B0031,R2,10,CTCAGATGGAGTATG,CD40,5PNNNNNNNNNN(BC)
TotalSeq-B,B0032,R2,10,GCTAGATAGATGCAA,CD154,5PNNNNNNNNNN(BC)
TotalSeq-B,B0033,R2,10,CTTTGTACGAGCAAA,CD52,5PNNNNNNNNNN(BC)
TotalSeq-B,B0034,R2,10,CTCATTGTAACTCCT,CD3,5PNNNNNNNNNN(BC)
TotalSeq-B,B0046,R2,10,GCGCAACTTGATGAT,CD8,5PNNNNNNNNNN(BC)
TotalSeq-B,B0047,R2,10,TCCTTTCCTGATAGG,CD56_(NCAM),5PNNNNNNNNNN(BC)
TotalSeq-B,B0048,R2,10,TCCCTTGCGATTTAC,CD45,5PNNNNNNNNNN(BC)
TotalSeq-B,B0049,R2,10,TATCCCTTGGGATGG,CD3,5PNNNNNNNNNN(BC)
TotalSeq-B,B0050,R2,10,CTGGGCAATTACTCG,CD19,5PNNNNNNNNNN(BC)
TotalSeq-B,B0051,R2,10,CAATCAGACCTATGA,CD14,5PNNNNNNNNNN(BC)
TotalSeq-B,B0052,R2,10,TAACTCAGGGCCTAT,CD33,5PNNNNNNNNNN(BC)
TotalSeq-B,B0053,R2,10,TACGCCTATAACTTG,CD11c,5PNNNNNNNNNN(BC)
TotalSeq-B,B0054,R2,10,GCAGAAATCTCCCTT,CD34,5PNNNNNNNNNN(BC)
TotalSeq-B,B0055,R2,10,ACTCTTTCGTTTACG,CD138,5PNNNNNNNNNN(BC)
TotalSeq-B,B0056,R2,10,CAGATGATCCACCAT,CD269,5PNNNNNNNNNN(BC)
TotalSeq-B,B0058,R2,10,TATGCGAGGCTTATC,HLA-ABC,5PNNNNNNNNNN(BC)
TotalSeq-B,B0060,R2,10,GCATTGTACGATTCA,CD90,5PNNNNNNNNNN(BC)
TotalSeq-B,B0061,R2,10,AGACTAATAGCTGAC,CD117,5PNNNNNNNNNN(BC)
TotalSeq-B,B0062,R2,10,CAGCCATTCATTAGG,CD10,5PNNNNNNNNNN(BC)
TotalSeq-B,B0063,R2,10,TCAATCCTTCCGCTT,CD45RA,5PNNNNNNNNNN(BC)
TotalSeq-B,B0064,R2,10,CTTCACTCTGTCAGG,CD123,5PNNNNNNNNNN(BC)
TotalSeq-B,B0066,R2,10,TGGATTCCCGGACTT,CD7,5PNNNNNNNNNN(BC)
TotalSeq-B,B0068,R2,10,ATCGTCGAGAGCTAG,CD105,5PNNNNNNNNNN(BC)
TotalSeq-B,B0069,R2,10,GTTTCCTTGACCAAG,CD201,5PNNNNNNNNNN(BC)
TotalSeq-B,B0070,R2,10,TTCCGAGGATGATCT,CD49f,5PNNNNNNNNNN(BC)
TotalSeq-B,B0071,R2,10,AGCTTACCTGCACGA,CD194,5PNNNNNNNNNN(BC)
TotalSeq-B,B0072,R2,10,TGTTCCCGCTCAACT,CD4,5PNNNNNNNNNN(BC)
TotalSeq-B,B0073,R2,10,TGGCTTCAGGTCCTA,CD44,5PNNNNNNNNNN(BC)
TotalSeq-B,B0074,R2,10,ATAACCGACACAGTG,CD54,5PNNNNNNNNNN(BC)
TotalSeq-B,B0075,R2,10,CCGATCAGCCGTTTA,CD90.2,5PNNNNNNNNNN(BC)
TotalSeq-B,B0076,R2,10,GCTAGTTTGTGCTGC,CD15,5PNNNNNNNNNN(BC)
TotalSeq-B,B0077,R2,10,ACACTTAACGTCTGG,CD73,5PNNNNNNNNNN(BC)
TotalSeq-B,B0078,R2,10,CGCTTGGACGCTTAA,CD49d,5PNNNNNNNNNN(BC)
TotalSeq-B,B0079,R2,10,TCAATTCCGGTAGTC,CD200,5PNNNNNNNNNN(BC)
TotalSeq-B,B0080,R2,10,GCTGCGCTTTCCATT,CD8a,5PNNNNNNNNNN(BC)
TotalSeq-B,B0081,R2,10,TCTCAGACCTCCGTA,CD14,5PNNNNNNNNNN(BC)
TotalSeq-B,B0083,R2,10,AAGTTCACTCTTTGC,CD16,5PNNNNNNNNNN(BC)
TotalSeq-B,B0084,R2,10,TTCGCCGCATTGAGT,CD56,5PNNNNNNNNNN(BC)
TotalSeq-B,B0085,R2,10,TTTGTCCTGTACGCC,CD25,5PNNNNNNNNNN(BC)
TotalSeq-B,B0087,R2,10,CTCCGAATCATGTTG,CD45RO,5PNNNNNNNNNN(BC)
TotalSeq-B,B0088,R2,10,ACAGCGCCGTATTTA,CD279,5PNNNNNNNNNN(BC)
TotalSeq-B,B0089,R2,10,TTGCTTACCGCCAGA,TIGIT_(VSTM3),5PNNNNNNNNNN(BC)
TotalSeq-B,B0090,R2,10,GCCGGACGACATTAA,IgG1k_Isotype_Ctrl,5PNNNNNNNNNN(BC)
TotalSeq-B,B0091,R2,10,CTCCTACCTAAACTG,NULL,5PNNNNNNNNNN(BC)
TotalSeq-B,B0092,R2,10,ATATGTATCACGCGA,IgG2bk_Isotype_Ctrl,5PNNNNNNNNNN(BC)
TotalSeq-B,B0093,R2,10,ATCAGCCATGTCAGT,CD19,5PNNNNNNNNNN(BC)
TotalSeq-B,B0095,R2,10,GATTCTTGACGACCT,IgG2b_k,5PNNNNNNNNNN(BC)
TotalSeq-B,B0096,R2,10,TGGCTATGGAGCAGA,CD45,5PNNNNNNNNNN(BC)
TotalSeq-B,B0097,R2,10,ACCATGAGACACAGT,CD25,5PNNNNNNNNNN(BC)
TotalSeq-B,B0098,R2,10,GTAGCAAGATTCAAG,CD135,5PNNNNNNNNNN(BC)
TotalSeq-B,B0100,R2,10,TTCTGGGTCCCTAGA,CD20,5PNNNNNNNNNN(BC)
TotalSeq-B,B0101,R2,10,ACAATTTGAACAGCG,CD335,5PNNNNNNNNNN(BC)
TotalSeq-B,B0103,R2,10,CCTACACCTCATAAT,CD45R/B220,5PNNNNNNNNNN(BC)
TotalSeq-B,B0105,R2,10,TTCCGTTGTTGTGAG,CD115,5PNNNNNNNNNN(BC)
TotalSeq-B,B0106,R2,10,GTTATGGACGCTTGC,CD11c,5PNNNNNNNNNN(BC)
TotalSeq-B,B0109,R2,10,TTCGATGCTGGAGCA,CD16/32,5PNNNNNNNNNN(BC)
TotalSeq-B,B0111,R2,10,CAGCTCAGTGTGTTG,CD5,5PNNNNNNNNNN(BC)
TotalSeq-B,B0112,R2,10,TGGGCCTAAGTCATC,CD62L,5PNNNNNNNNNN(BC)
TotalSeq-B,B0114,R2,10,TTAACTTCAGCCCGT,F4/80,5PNNNNNNNNNN(BC)
TotalSeq-B,B0115,R2,10,AGTCACCTCGAAGCT,FceRIa,5PNNNNNNNNNN(BC)
TotalSeq-B,B0116,R2,10,TAGTGTATGGACACG,Ly-6G/Ly-6C,5PNNNNNNNNNN(BC)
TotalSeq-B,B0117,R2,10,GGTCACCAGTATGAT,I-A/I-E,5PNNNNNNNNNN(BC)
TotalSeq-B,B0118,R2,10,GTAACATTACTCGTC,NK-1.1,5PNNNNNNNNNN(BC)
TotalSeq-B,B0120,R2,10,TCCTATGGGACTCAG,TCR_b_chain,5PNNNNNNNNNN(BC)
TotalSeq-B,B0122,R2,10,GCGCGTTTGTGCTAT,TER-119,5PNNNNNNNNNN(BC)
TotalSeq-B,B0123,R2,10,TTCCGAGCAAGTATC,CD326,5PNNNNNNNNNN(BC)
TotalSeq-B,B0124,R2,10,ACCTTTATGCCACGG,CD31,5PNNNNNNNNNN(BC)
TotalSeq-B,B0125,R2,10,AATCCTTCCGAATGT,CD44,5PNNNNNNNNNN(BC)
TotalSeq-B,B0127,R2,10,GGTTACTCGTTGTGT,Podoplanin,5PNNNNNNNNNN(BC)
TotalSeq-B,B0128,R2,10,ATGCGCCGAGAATTA,CD140a,5PNNNNNNNNNN(BC)
TotalSeq-B,B0130,R2,10,TTCCTTTCCTACGCA,Ly-6A/E,5PNNNNNNNNNN(BC)
TotalSeq-B,B0132,R2,10,GCTTAACATTGGCAC,EGFR,5PNNNNNNNNNN(BC)
TotalSeq-B,B0133,R2,10,CTGTAGCCGCCTATT,CD340,5PNNNNNNNNNN(BC)
TotalSeq-B,B0134,R2,10,CCTTGGATAACATCA,CD146,5PNNNNNNNNNN(BC)
TotalSeq-B,B0136,R2,10,TAGCGAGCCCGTATA,IgM,5PNNNNNNNNNN(BC)
TotalSeq-B,B0138,R2,10,CATTAACGGGATGCC,CD5,5PNNNNNNNNNN(BC)
TotalSeq-B,B0139,R2,10,CTTCCGATTCATTCA,TCR_g/d,5PNNNNNNNNNN(BC)
TotalSeq-B,B0140,R2,10,GCGATGGTAGATTAT,CD183,5PNNNNNNNNNN(BC)
TotalSeq-B,B0141,R2,10,CCAAAGTAAGAGCCA,CD195,5PNNNNNNNNNN(BC)
TotalSeq-B,B0142,R2,10,GCTTCCGAATTACCG,CD32,5PNNNNNNNNNN(BC)
TotalSeq-B,B0143,R2,10,GATCCCTTTGTCACT,CD196,5PNNNNNNNNNN(BC)
TotalSeq-B,B0144,R2,10,AATTCAACCGTCGCC,CD185,5PNNNNNNNNNN(BC)
TotalSeq-B,B0145,R2,10,GACCTCATTGTGAAT,CD103,5PNNNNNNNNNN(BC)
TotalSeq-B,B0146,R2,10,GTCTCTTGGCTTAAA,CD69,5PNNNNNNNNNN(BC)
TotalSeq-B,B0147,R2,10,GTCCCTGCAACTTGA,CD62L,5PNNNNNNNNNN(BC)
TotalSeq-B,B0148,R2,10,AGTTCAGTCAACCGA,CD197,5PNNNNNNNNNN(BC)
TotalSeq-B,B0149,R2,10,GTACGCAGTCCTTCT,CD161,5PNNNNNNNNNN(BC)
TotalSeq-B,B0151,R2,10,ATGGTTCACGTAATC,CD152,5PNNNNNNNNNN(BC)
TotalSeq-B,B0152,R2,10,CATTTGTCTGCCGGT,CD223_(LAG-3),5PNNNNNNNNNN(BC)
TotalSeq-B,B0153,R2,10,CTTATTTCCTGCCCT,KLRG1,5PNNNNNNNNNN(BC)
TotalSeq-B,B0154,R2,10,GCACTCCTGCATGTA,CD27,5PNNNNNNNNNN(BC)
TotalSeq-B,B0155,R2,10,CAGCCCACTGCAATA,CD107a,5PNNNNNNNNNN(BC)
TotalSeq-B,B0156,R2,10,CCAGCTCATTAGAGC,CD95,5PNNNNNNNNNN(BC)
TotalSeq-B,B0157,R2,10,CACCGTCATTCAACC,CD45.2,5PNNNNNNNNNN(BC)
TotalSeq-B,B0158,R2,10,AACCCACCGTTGTTA,CD134,5PNNNNNNNNNN(BC)
TotalSeq-B,B0159,R2,10,AATAGCGAGCAAGTA,HLA-DR,5PNNNNNNNNNN(BC)
TotalSeq-B,B0160,R2,10,GAGCTACTTCACTCG,CD1c,5PNNNNNNNNNN(BC)
TotalSeq-B,B0161,R2,10,GACAAGTGATCTGCA,CD11b,5PNNNNNNNNNN(BC)
TotalSeq-B,B0162,R2,10,AAGTATGCCCTACGA,CD64,5PNNNNNNNNNN(BC)
TotalSeq-B,B0163,R2,10,GGATAACCGCGCTTT,CD141,5PNNNNNNNNNN(BC)
TotalSeq-B,B0164,R2,10,TCGAGTCGCTTATCA,CD1d,5PNNNNNNNNNN(BC)
TotalSeq-B,B0165,R2,10,CGTGTTTGTTCCTCA,CD314,5PNNNNNNNNNN(BC)
TotalSeq-B,B0166,R2,10,AGCTGTAAGTTTCGG,CD66b,5PNNNNNNNNNN(BC)
TotalSeq-B,B0167,R2,10,ACTTCCGTCGATCTT,CD35,5PNNNNNNNNNN(BC)
TotalSeq-B,B0168,R2,10,AACTCCCTATGGAGG,CD57,5PNNNNNNNNNN(BC)
TotalSeq-B,B0169,R2,10,TGTCCTACCCAACTT,CD366,5PNNNNNNNNNN(BC)
TotalSeq-B,B0170,R2,10,GTTATTGGACTAAGG,CD272,5PNNNNNNNNNN(BC)
TotalSeq-B,B0171,R2,10,CGCGCACCCATTAAA,CD278,5PNNNNNNNNNN(BC)
TotalSeq-B,B0174,R2,10,GTTCCTATGGACGAC,CD58,5PNNNNNNNNNN(BC)
TotalSeq-B,B0175,R2,10,TGGCCTATAAATGGT,CD96,5PNNNNNNNNNN(BC)
TotalSeq-B,B0176,R2,10,TTACCTGGTATCCGT,CD39,5PNNNNNNNNNN(BC)
TotalSeq-B,B0178,R2,10,CCTATGGACTTGGAC,CD45.1,5PNNNNNNNNNN(BC)
TotalSeq-B,B0179,R2,10,AGTATCGTCTCTGGG,CX3CR1,5PNNNNNNNNNN(BC)
TotalSeq-B,B0180,R2,10,AGATTCCTTCGTGTT,CD24,5PNNNNNNNNNN(BC)
TotalSeq-B,B0181,R2,10,AACCTAGTAGTTCGG,CD21,5PNNNNNNNNNN(BC)
TotalSeq-B,B0182,R2,10,GTATGTCCGCTCGAT,CD3,5PNNNNNNNNNN(BC)
TotalSeq-B,B0184,R2,10,CCCTTTCACCTCGAA,CD335,5PNNNNNNNNNN(BC)
TotalSeq-B,B0185,R2,10,TATATCCTTGTGAGC,CD11a,5PNNNNNNNNNN(BC)
TotalSeq-B,B0187,R2,10,ATTCTTCAACCGAAG,CD79b,5PNNNNNNNNNN(BC)
TotalSeq-B,B0189,R2,10,TCGCTTGGATGGTAG,CD244,5PNNNNNNNNNN(BC)
TotalSeq-B,B0190,R2,10,TCGATTCCACCAACT,CD274,5PNNNNNNNNNN(BC)
TotalSeq-B,B0191,R2,10,CAAGGTATGTCACTG,CD27,5PNNNNNNNNNN(BC)
TotalSeq-B,B0192,R2,10,TCCACTCCCTGTATA,CD20,5PNNNNNNNNNN(BC)
TotalSeq-B,B0193,R2,10,GGCACTCTGTAACAT,CD357,5PNNNNNNNNNN(BC)
TotalSeq-B,B0196,R2,10,GCTCCTTTACACGTA,CD235ab,5PNNNNNNNNNN(BC)
TotalSeq-B,B0197,R2,10,TTGTATTCCGCCATT,CD69,5PNNNNNNNNNN(BC)
TotalSeq-B,B0198,R2,10,GTGTGAGGCACTCTT,CD127,5PNNNNNNNNNN(BC)
TotalSeq-B,B0200,R2,10,CTGGATTTGTGTATC,CD86,5PNNNNNNNNNN(BC)
TotalSeq-B,B0201,R2,10,TTCATTAGCCCGCTG,CD103,5PNNNNNNNNNN(BC)
TotalSeq-B,B0202,R2,10,AGCAATTAACGGGAG,CD64,5PNNNNNNNNNN(BC)
TotalSeq-B,B0203,R2,10,CAACGCCTAGAAACC,CD150,5PNNNNNNNNNN(BC)
TotalSeq-B,B0205,R2,10,TCAGAACGTCTAACT,CD206,5PNNNNNNNNNN(BC)
TotalSeq-B,B0206,R2,10,TACTCAGCGTGTTTG,CD169,5PNNNNNNNNNN(BC)
TotalSeq-B,B0207,R2,10,CTGCATTTCAGTAAG,CD370,5PNNNNNNNNNN(BC)
TotalSeq-B,B0208,R2,10,AAGACGCATGTCAAC,XCR1,5PNNNNNNNNNN(BC)
TotalSeq-B,B0211,R2,10,AAGCTGCACCGTAAT,TCR_Vg2,5PNNNNNNNNNN(BC)
TotalSeq-B,B0212,R2,10,TATATCTTTGCCGCA,CD24,5PNNNNNNNNNN(BC)
TotalSeq-B,B0213,R2,10,AATCTGTAGTGCGTT,Notch_1,5PNNNNNNNNNN(BC)
TotalSeq-B,B0214,R2,10,TCCTTGGATGTACCG,Integrin_b7,5PNNNNNNNNNN(BC)
TotalSeq-B,B0215,R2,10,CGAAGTCGATCCGTA,CD268,5PNNNNNNNNNN(BC)
TotalSeq-B,B0216,R2,10,TCCTAGTACCGAAGT,CD42b,5PNNNNNNNNNN(BC)
TotalSeq-B,B0217,R2,10,CTGATAGACTTGAGT,CD54,5PNNNNNNNNNN(BC)
TotalSeq-B,B0218,R2,10,CCTTCCGTATCCCTT,CD62P,5PNNNNNNNNNN(BC)
TotalSeq-B,B0219,R2,10,TGTGTATTCCCTTGT,CD119,5PNNNNNNNNNN(BC)
TotalSeq-B,B0224,R2,10,CGTAACGTAGAGCGA,TCR_a/b,5PNNNNNNNNNN(BC)
TotalSeq-B,B0225,R2,10,CTCTCTGCATTCCTC,CD196,5PNNNNNNNNNN(BC)
TotalSeq-B,B0226,R2,10,CGTTCCTACCTACCT,CD106,5PNNNNNNNNNN(BC)
TotalSeq-B,B0227,R2,10,GGTATGCGACACTTA,CD122,5PNNNNNNNNNN(BC)
TotalSeq-B,B0228,R2,10,GTTCACGCCGTGTTA,CD183,5PNNNNNNNNNN(BC)
TotalSeq-B,B0229,R2,10,TGTGTGCCGTAGACT,CD62P_(P-selectin),5PNNNNNNNNNN(BC)
TotalSeq-B,B0230,R2,10,TTCCCTCTATGGAGC,CD8b,5PNNNNNNNNNN(BC)
TotalSeq-B,B0232,R2,10,TTGGGCGATTAAGAA,MAdCAM-1,5PNNNNNNNNNN(BC)
TotalSeq-B,B0233,R2,10,CTATTGGACGTATCT,Notch3,5PNNNNNNNNNN(BC)
TotalSeq-B,B0235,R2,10,ACTATCCGTTGTGCT,TCR_Vb8.1-8.2,5PNNNNNNNNNN(BC)
TotalSeq-B,B0236,R2,10,ATCAGATGCCCTCAT,IgG1k_Isotype_Ctrl,5PNNNNNNNNNN(BC)
TotalSeq-B,B0238,R2,10,AAGTCAGGTTCGTTT,IgG2ak_Isotype_Ctrl,5PNNNNNNNNNN(BC)
TotalSeq-B,B0242,R2,10,GAGTTCCCTTACCTG,CD192,5PNNNNNNNNNN(BC)
TotalSeq-B,B0246,R2,10,TCATTTCCTCCGATT,CD122,5PNNNNNNNNNN(BC)
TotalSeq-B,B0247,R2,10,AGTGATGGAGCGAAC,CD267,5PNNNNNNNNNN(BC)
TotalSeq-B,B0250,R2,10,GTAGTAGGCTAGACC,KLRG1,5PNNNNNNNNNN(BC)
TotalSeq-B,B0351,R2,10,CAGTAGATGGAGCAT,CD135,5PNNNNNNNNNN(BC)
TotalSeq-B,B0352,R2,10,CTCGTTTCCGTATCG,FceRIa,5PNNNNNNNNNN(BC)
TotalSeq-B,B0353,R2,10,ACGTTGTGGCCTTGT,CD41,5PNNNNNNNNNN(BC)
TotalSeq-B,B0355,R2,10,CAGTAAGTTCGGGAC,CD137,5PNNNNNNNNNN(BC)
TotalSeq-B,B0358,R2,10,GCTTCTCCTTCCTTA,CD163,5PNNNNNNNNNN(BC)
TotalSeq-B,B0359,R2,10,CCACTCATTTCCGGT,CD83,5PNNNNNNNNNN(BC)
TotalSeq-B,B0360,R2,10,ACCTTTCGACACTCG,CD357_(GITR),5PNNNNNNNNNN(BC)
TotalSeq-B,B0361,R2,10,AATTAGCCGTCGAGA,CD59,5PNNNNNNNNNN(BC)
TotalSeq-B,B0363,R2,10,CCGTCCTGATAGATG,CD124,5PNNNNNNNNNN(BC)
TotalSeq-B,B0364,R2,10,TTTCAACGCCCTTTC,CD13,5PNNNNNNNNNN(BC)
TotalSeq-B,B0366,R2,10,TCAGGTCCTTTCAAC,CD184,5PNNNNNNNNNN(BC)
TotalSeq-B,B0367,R2,10,TACGATTTGTCAGGG,CD2,5PNNNNNNNNNN(BC)
TotalSeq-B,B0368,R2,10,TCTCAGTGTTTGTGG,CD226,5PNNNNNNNNNN(BC)
TotalSeq-B,B0369,R2,10,GTATTCCCTCAGTCA,CD29,5PNNNNNNNNNN(BC)
TotalSeq-B,B0370,R2,10,GAGATGTCCGAATTT,CD303,5PNNNNNNNNNN(BC)
TotalSeq-B,B0371,R2,10,GCTTTCTTCAGTATG,CD49b,5PNNNNNNNNNN(BC)
TotalSeq-B,B0373,R2,10,GTATCCTTCCTTGGC,CD81,5PNNNNNNNNNN(BC)
TotalSeq-B,B0374,R2,10,GCACCAACAGCCATT,CD98,5PNNNNNNNNNN(BC)
TotalSeq-B,B0375,R2,10,CTGGAGCGATTAGAA,IgG_Fc,5PNNNNNNNNNN(BC)
TotalSeq-B,B0377,R2,10,TTATTAACAGCCCAC,CD197,5PNNNNNNNNNN(BC)
TotalSeq-B,B0378,R2,10,ATTCCGTCCCTAAGG,CD223,5PNNNNNNNNNN(BC)
TotalSeq-B,B0380,R2,10,AGTATGGGATGCAAT,CD90/CD90.1,5PNNNNNNNNNN(BC)
TotalSeq-B,B0381,R2,10,CGTCCTAGTCATTGG,Panendothelial_Cell_Antigen,5PNNNNNNNNNN(BC)
TotalSeq-B,B0384,R2,10,CAGTCTCCGTAGAGT,IgD,5PNNNNNNNNNN(BC)
TotalSeq-B,B0385,R2,10,TATTGGGACACTTCT,CD18,5PNNNNNNNNNN(BC)
TotalSeq-B,B0386,R2,10,TGAGAACGACCCTAA,CD28,5PNNNNNNNNNN(BC)
TotalSeq-B,B0388,R2,10,AGTGTTTGTCCTGGT,CD152,5PNNNNNNNNNN(BC)
TotalSeq-B,B0389,R2,10,TGTACCCGCTTGTGA,CD38,5PNNNNNNNNNN(BC)
TotalSeq-B,B0390,R2,10,GTGTGTTGTCCTATG,CD127,5PNNNNNNNNNN(BC)
TotalSeq-B,B0391,R2,10,TGCAATTACCCGGAT,CD45,5PNNNNNNNNNN(BC)
TotalSeq-B,B0392,R2,10,TCACCAGTACCTAGT,CD15,5PNNNNNNNNNN(BC)
TotalSeq-B,B0393,R2,10,GGGTTGTTGTCTTTG,CD22,5PNNNNNNNNNN(BC)
TotalSeq-B,B0394,R2,10,CCGTGTTCCTCATTA,CD71,5PNNNNNNNNNN(BC)
TotalSeq-B,B0395,R2,10,TGTATGTCTGCCTTG,B7-H4,5PNNNNNNNNNN(BC)
TotalSeq-B,B0396,R2,10,GGTGGCTAGATAATG,CD26,5PNNNNNNNNNN(BC)
TotalSeq-B,B0398,R2,10,AATCACGGTCCTTGT,CD115,5PNNNNNNNNNN(BC)
TotalSeq-B,B0399,R2,10,TAGCGAGCCAGATGT,CD204,5PNNNNNNNNNN(BC)
TotalSeq-B,B0402,R2,10,GATCGTGTTGTGTTA,CD1a,5PNNNNNNNNNN(BC)
TotalSeq-B,B0404,R2,10,GAGATGTCTGCAACT,CD63,5PNNNNNNNNNN(BC)
TotalSeq-B,B0406,R2,10,GGACTAAGTTTCGTT,CD304,5PNNNNNNNNNN(BC)
TotalSeq-B,B0407,R2,10,TTCTTTGCCTTGCCA,CD36,5PNNNNNNNNNN(BC)
TotalSeq-B,B0408,R2,10,CGTGTTTAACTTGAG,CD172a_(SIRPa),5PNNNNNNNNNN(BC)
TotalSeq-B,B0409,R2,10,TGTCAGTTCCTATGA,CD85,5PNNNNNNNNNN(BC)
TotalSeq-B,B0410,R2,10,CCTATTCCGATTCCG,CD38,5PNNNNNNNNNN(BC)
TotalSeq-B,B0416,R2,10,CGGTCCGTATCATTT,CD300LG,5PNNNNNNNNNN(BC)
TotalSeq-B,B0417,R2,10,GAGCAAGATTAAGAC,CD163,5PNNNNNNNNNN(BC)
TotalSeq-B,B0419,R2,10,CAGTCGTGGTAGATA,CD72,5PNNNNNNNNNN(BC)
TotalSeq-B,B0420,R2,10,TATCAACCAACGCTT,CD158,5PNNNNNNNNNN(BC)
TotalSeq-B,B0422,R2,10,GATTCCCTTGTAGCA,CD172a_(SIRPa),5PNNNNNNNNNN(BC)
TotalSeq-B,B0424,R2,10,AACCAACAGTCACGT,CD14,5PNNNNNNNNNN(BC)
TotalSeq-B,B0426,R2,10,AGTGCGATCTGCAAC,CD192_(CCR2),5PNNNNNNNNNN(BC)
TotalSeq-B,B0427,R2,10,TGTGGCTAGTCAGTT,Folate_Receptor_b_(FR-b),5PNNNNNNNNNN(BC)
TotalSeq-B,B0428,R2,10,CGTCATATAGTATGG,Tim-4,5PNNNNNNNNNN(BC)
TotalSeq-B,B0429,R2,10,AGAACCGCCGTAGTT,CD48,5PNNNNNNNNNN(BC)
TotalSeq-B,B0431,R2,10,TCAATCTCCGTCGCT,CD170,5PNNNNNNNNNN(BC)
TotalSeq-B,B0437,R2,10,CGATTTGTATTCCCT,CD207,5PNNNNNNNNNN(BC)
TotalSeq-B,B0439,R2,10,TATGATCTGCCCTTG,CD201,5PNNNNNNNNNN(BC)
TotalSeq-B,B0440,R2,10,ATTGACGACAGTCAT,CD169,5PNNNNNNNNNN(BC)
TotalSeq-B,B0442,R2,10,TCCGGTCACTCAGTA,Notch_1,5PNNNNNNNNNN(BC)
TotalSeq-B,B0443,R2,10,ACTTGGATGGACACT,CD41,5PNNNNNNNNNN(BC)
TotalSeq-B,B0444,R2,10,GTCGTGGTGTTGTTC,CD184,5PNNNNNNNNNN(BC)
TotalSeq-B,B0446,R2,10,GCGCTACTTCCTTGA,CD93,5PNNNNNNNNNN(BC)
TotalSeq-B,B0448,R2,10,AGCTAGACACGTTGT,CD204,5PNNNNNNNNNN(BC)
TotalSeq-B,B0449,R2,10,ACCCGCGTTAGTATG,CD326,5PNNNNNNNNNN(BC)
TotalSeq-B,B0450,R2,10,AGCTACGCATTCAAT,IgM,5PNNNNNNNNNN(BC)
TotalSeq-B,B0451,R2,10,TTCCTGCCATTACTA,Nuclear_Pore_Complex_Proteins,5PNNNNNNNNNN(BC)
TotalSeq-B,B0452,R2,10,CCGTACCTCATTGTT,Nuclear_Pore_Complex_Proteins,5PNNNNNNNNNN(BC)
TotalSeq-B,B0453,R2,10,GGTAGATGTCCTCAG,Nuclear_Pore_Complex_Proteins,5PNNNNNNNNNN(BC)
TotalSeq-B,B0457,R2,10,CTTATCACCGCTCAA,Nuclear_Pore_Complex_Proteins,5PNNNNNNNNNN(BC)
TotalSeq-B,B0458,R2,10,TGACGCCGTTGTTGT,Nuclear_Pore_Complex_Proteins,5PNNNNNNNNNN(BC)
TotalSeq-B,B0552,R2,10,CCAGCTCATTCAACG,CD304,5PNNNNNNNNNN(BC)
TotalSeq-B,B0553,R2,10,ATAAGAGCCCACCAT,CD309,5PNNNNNNNNNN(BC)
TotalSeq-B,B0555,R2,10,TTTGCCGCTACGACA,CD36,5PNNNNNNNNNN(BC)
TotalSeq-B,B0557,R2,10,CGTATCCGTCTCCTA,CD38,5PNNNNNNNNNN(BC)
TotalSeq-B,B0558,R2,10,ATTGTTGTCAGACCA,CD55,5PNNNNNNNNNN(BC)
TotalSeq-B,B0559,R2,10,ATCCGACACGTATTA,CD63,5PNNNNNNNNNN(BC)
TotalSeq-B,B0560,R2,10,CTTTCTTTCACGGGA,CD68,5PNNNNNNNNNN(BC)
TotalSeq-B,B0561,R2,10,TAACTCAGTGCGAGT,CD79b,5PNNNNNNNNNN(BC)
TotalSeq-B,B0562,R2,10,TCTCAGGCTTCCTAG,CD83,5PNNNNNNNNNN(BC)
TotalSeq-B,B0563,R2,10,CACTCTCAGTCCTAT,CX3CR1,5PNNNNNNNNNN(BC)
TotalSeq-B,B0564,R2,10,CTCAGATGCCCTTTA,Folate_Receptor_b,5PNNNNNNNNNN(BC)
TotalSeq-B,B0565,R2,10,AGTAGAGCAACTCGT,MERTK_(Mer),5PNNNNNNNNNN(BC)
TotalSeq-B,B0566,R2,10,CTTGCCTTGCGATTT,CD301b,5PNNNNNNNNNN(BC)
TotalSeq-B,B0567,R2,10,TGCTGGAGGGTATTC,Tim-4,5PNNNNNNNNNN(BC)
TotalSeq-B,B0568,R2,10,TCCATTACCCACGTT,XCR1,5PNNNNNNNNNN(BC)
TotalSeq-B,B0571,R2,10,TCATATCCGTTGTCC,IgD,5PNNNNNNNNNN(BC)
TotalSeq-B,B0575,R2,10,ACTGATGGACTCAGA,CD49a,5PNNNNNNNNNN(BC)
TotalSeq-B,B0576,R2,10,CCATTCAACTTCCGG,CD49d,5PNNNNNNNNNN(BC)
TotalSeq-B,B0577,R2,10,CAGTTCCTCAGTTCG,CD73,5PNNNNNNNNNN(BC)
TotalSeq-B,B0579,R2,10,GAGTCACCAATCTGC,CD9,5PNNNNNNNNNN(BC)
TotalSeq-B,B0581,R2,10,TACGAGCAGTATTCA,TCR_Va7.2,5PNNNNNNNNNN(BC)
TotalSeq-B,B0582,R2,10,TCAGTCAGATGGTAT,TCR_Vd2,5PNNNNNNNNNN(BC)
TotalSeq-B,B0583,R2,10,AAGTGATGGTATCTG,TCR_Vg9,5PNNNNNNNNNN(BC)
TotalSeq-B,B0584,R2,10,AACTTCTGTGGTAGC,TCR_Va24-Ja18,5PNNNNNNNNNN(BC)
TotalSeq-B,B0591,R2,10,ACCCTTTACCGAATA,LOX-1,5PNNNNNNNNNN(BC)
TotalSeq-B,B0592,R2,10,GACCCGTAGTTTGAT,CD158b,5PNNNNNNNNNN(BC)
TotalSeq-B,B0594,R2,10,GTAAGACGCCTATGC,CD133,5PNNNNNNNNNN(BC)
TotalSeq-B,B0595,R2,10,AGAGTCTCCCTTTAG,CD11a,5PNNNNNNNNNN(BC)
TotalSeq-B,B0801,R2,10,AAAGTCACTCTGCCG,CD337,5PNNNNNNNNNN(BC)
TotalSeq-B,B0810,R2,10,GCGTTTGTATGTACT,CD138,5PNNNNNNNNNN(BC)
TotalSeq-B,B0811,R2,10,TGTGGTAGCCCTTGT,CD317,5PNNNNNNNNNN(BC)
TotalSeq-B,B0813,R2,10,TAGCAGTCACTCCTA,CD9,5PNNNNNNNNNN(BC)
TotalSeq-B,B0814,R2,10,CTATCGTTTGATGCA,CD205,5PNNNNNNNNNN(BC)
TotalSeq-B,B0815,R2,10,ATCTGTATGTCACAG,CCR10,5PNNNNNNNNNN(BC)
TotalSeq-B,B0816,R2,10,AACCGCGCTTCAGAT,CD271,5PNNNNNNNNNN(BC)
TotalSeq-B,B0817,R2,10,CACTTAACTCTGGGT,CD109,5PNNNNNNNNNN(BC)
TotalSeq-B,B0818,R2,10,GCGATTCATGTCACG,CD18,5PNNNNNNNNNN(BC)
TotalSeq-B,B0819,R2,10,TGATGGGAGCTTATC,CD126,5PNNNNNNNNNN(BC)
TotalSeq-B,B0820,R2,10,CACGAGAATTTCAGT,CD130,5PNNNNNNNNNN(BC)
TotalSeq-B,B0821,R2,10,GAGGCACTTAACATA,CD164,5PNNNNNNNNNN(BC)
TotalSeq-B,B0822,R2,10,CACTGCCGTCGATTA,CD142,5PNNNNNNNNNN(BC)
TotalSeq-B,B0823,R2,10,AAACTCAGGTCCTTC,CD34,5PNNNNNNNNNN(BC)
TotalSeq-B,B0824,R2,10,TGCTTCATTCATGTG,P2X7R,5PNNNNNNNNNN(BC)
TotalSeq-B,B0825,R2,10,GCGAGAAATCTGCAT,CD371,5PNNNNNNNNNN(BC)
TotalSeq-B,B0826,R2,10,GCCTAGTTTGAACGC,CD307c/FcRL3,5PNNNNNNNNNN(BC)
TotalSeq-B,B0827,R2,10,AGGTCCTCTCTGGAT,CD22,5PNNNNNNNNNN(BC)
TotalSeq-B,B0828,R2,10,CGATTTGATCTGCCT,CD307d,5PNNNNNNNNNN(BC)
TotalSeq-B,B0829,R2,10,TCACGCAGTCCTCAA,CD307e,5PNNNNNNNNNN(BC)
TotalSeq-B,B0830,R2,10,AGTATGCCATGTCTT,CD319,5PNNNNNNNNNN(BC)
TotalSeq-B,B0831,R2,10,GTATAGACCAAAGCC,CD138,5PNNNNNNNNNN(BC)
TotalSeq-B,B0833,R2,10,TTCATGTGTTTGTGC,CD194,5PNNNNNNNNNN(BC)
TotalSeq-B,B0835,R2,10,GAGGCTTATCATTTC,CD314,5PNNNNNNNNNN(BC)
TotalSeq-B,B0836,R2,10,GCTTGGGCAATTAAG,DR3,5PNNNNNNNNNN(BC)
TotalSeq-B,B0839,R2,10,CCAGTAGGCTTATTA,Ly49H,5PNNNNNNNNNN(BC)
TotalSeq-B,B0840,R2,10,CGTATCTGTCATTAG,Ly49G,5PNNNNNNNNNN(BC)
TotalSeq-B,B0841,R2,10,TATATCCCTCAACGC,Ly49D,5PNNNNNNNNNN(BC)
TotalSeq-B,B0842,R2,10,AATTCCGTCAGATGA,Ly-49A,5PNNNNNNNNNN(BC)
TotalSeq-B,B0843,R2,10,ATTCCTCATTCCTGA,CD199,5PNNNNNNNNNN(BC)
TotalSeq-B,B0845,R2,10,ACCCGTCCCTAAGAA,CD99,5PNNNNNNNNNN(BC)
TotalSeq-B,B0846,R2,10,ACGTAGTCACCTAGT,CD185,5PNNNNNNNNNN(BC)
TotalSeq-B,B0847,R2,10,ACTGCCATATCCCTA,CD278,5PNNNNNNNNNN(BC)
TotalSeq-B,B0848,R2,10,GAAAGTCGCCAACAG,TIGIT,5PNNNNNNNNNN(BC)
TotalSeq-B,B0849,R2,10,GACCCGGTGTCATTT,CD80,5PNNNNNNNNNN(BC)
TotalSeq-B,B0850,R2,10,CCATTCATTTGTGGC,CD49a,5PNNNNNNNNNN(BC)
TotalSeq-B,B0851,R2,10,CAACTTGGCCGAATC,CD1d,5PNNNNNNNNNN(BC)
TotalSeq-B,B0854,R2,10,CCCTCTGGTATGGTT,CD199,5PNNNNNNNNNN(BC)
TotalSeq-B,B0857,R2,10,GATTCCTTTACGAGC,CD34,5PNNNNNNNNNN(BC)
TotalSeq-B,B0864,R2,10,AGTTTCCACTCAGGC,CD352,5PNNNNNNNNNN(BC)
TotalSeq-B,B0870,R2,10,GTCATTGTATGTCTG,CD150,5PNNNNNNNNNN(BC)
TotalSeq-B,B0871,R2,10,ATATGTCAGAGCACC,CD162,5PNNNNNNNNNN(BC)
TotalSeq-B,B0884,R2,10,AGACCTCCTTACGAT,DLL1,5PNNNNNNNNNN(BC)
TotalSeq-B,B0887,R2,10,TAGTATGCTGGAGCG,CD339,5PNNNNNNNNNN(BC)
TotalSeq-B,B0888,R2,10,GTACTTAACGTCATC,Notch_4,5PNNNNNNNNNN(BC)
TotalSeq-B,B0894,R2,10,AGCTCAGCCAGTATG,Ig_light_chain_k,5PNNNNNNNNNN(BC)
TotalSeq-B,B0895,R2,10,GATGCAATTAGCCGG,Mac-2,5PNNNNNNNNNN(BC)
TotalSeq-B,B0896,R2,10,CCTTGTGAGGCTATG,CD85j,5PNNNNNNNNNN(BC)
TotalSeq-B,B0897,R2,10,TCTGTATAACCGTCT,CD23,5PNNNNNNNNNN(BC)
TotalSeq-B,B0898,R2,10,CAGCCAGTAAGTCAC,Ig_light_chain_l,5PNNNNNNNNNN(BC)
TotalSeq-B,B0900,R2,10,AGCCCGGATGTATTT,CD198,5PNNNNNNNNNN(BC)
TotalSeq-B,B0901,R2,10,AGGTATGGTAGAGTA,GARP,5PNNNNNNNNNN(BC)
TotalSeq-B,B0902,R2,10,CTTAGCATTTCACTG,CD328,5PNNNNNNNNNN(BC)
TotalSeq-B,B0903,R2,10,ATTTGTATGCTGGAG,CD40,5PNNNNNNNNNN(BC)
TotalSeq-B,B0904,R2,10,GCTGTAGTATCATGT,CD31,5PNNNNNNNNNN(BC)
TotalSeq-B,B0905,R2,10,AAATCTGTGCCGTAC,CD107a,5PNNNNNNNNNN(BC)
TotalSeq-B,B0906,R2,10,CTGGTATGCGATTAA,CD96,5PNNNNNNNNNN(BC)
TotalSeq-B,B0907,R2,10,ATCTCCGTTGTGCGA,CD198,5PNNNNNNNNNN(BC)
TotalSeq-B,B0908,R2,10,TTATGGACGTATGGT,TCR_Vb13.1,5PNNNNNNNNNN(BC)
TotalSeq-B,B0909,R2,10,TTTCCTTGTAGAGCG,CD182,5PNNNNNNNNNN(BC)
TotalSeq-B,B0910,R2,10,TTCTTTACCCGCCTG,CD61,5PNNNNNNNNNN(BC)
TotalSeq-B,B0911,R2,10,TGACCAGTTCCGCAT,Phycoerythrin,5PNNNNNNNNNN(BC)
TotalSeq-B,B0918,R2,10,GAGTCGAGAAATCAT,HLA-E,5PNNNNNNNNNN(BC)
TotalSeq-B,B0920,R2,10,TCCCACTTCCGCTTT,CD82,5PNNNNNNNNNN(BC)
TotalSeq-B,B0924,R2,10,TCTCAGAACAGCCCT,CD252,5PNNNNNNNNNN(BC)
TotalSeq-B,B0930,R2,10,CGATTCTTTGCGAGT,Ly108,5PNNNNNNNNNN(BC)
TotalSeq-B,B0944,R2,10,CTACTTCCCTGTCAA,CD101,5PNNNNNNNNNN(BC)
TotalSeq-B,B0952,R2,10,GTCCGACTAATAGCT,Biotin,5PNNNNNNNNNN(BC)
TotalSeq-B,B0953,R2,10,CAGGTTGTTGTCATT,NULL,5PNNNNNNNNNN(BC)
TotalSeq-B,B0954,R2,10,TATTTCCACCCGGTC,NULL,5PNNNNNNNNNN(BC)
TotalSeq-B,B0987,R2,10,TTAACCGTCTCCCTT,Allophycocyanin,5PNNNNNNNNNN(BC)
TotalSeq-B,B0989,R2,10,TCCTTCCTTTGTAGC,CD98,5PNNNNNNNNNN(BC)
TotalSeq-B,B1016,R2,10,AGAGCAATTTCAGGG,CD157,5PNNNNNNNNNN(BC)
TotalSeq-B,B1026,R2,10,ATAGAACCCAACTTC,CD229,5PNNNNNNNNNN(BC)
TotalSeq-B,B1028,R2,10,GTGATCCCTGGTATT,CD104,5PNNNNNNNNNN(BC)
TotalSeq-B,B1032,R2,10,CACCAACGCTTCAAG,CD210,5PNNNNNNNNNN(BC)
TotalSeq-B,B1045,R2,10,GGCTAGAAATCAACG,CD160,5PNNNNNNNNNN(BC)
TotalSeq-B,B1046,R2,10,GCCGCATGAGAAACA,CD88,5PNNNNNNNNNN(BC)
TotalSeq-B,B1047,R2,10,GCAACTCTCCTACCT,HLA-F,5PNNNNNNNNNN(BC)
TotalSeq-B,B1050,R2,10,AAACCAAAGCACCTA,Siglec-10,5PNNNNNNNNNN(BC)
TotalSeq-B,B1051,R2,10,GAGCCGGTATAATGC,Podocalyxin,5PNNNNNNNNNN(BC)
TotalSeq-B,B1052,R2,10,CTGATGAGATGTCAG,CD224,5PNNNNNNNNNN(BC)
TotalSeq-B,B1053,R2,10,CCCTAAACCGTCTCT,MS4A4A,5PNNNNNNNNNN(BC)
TotalSeq-B,B1057,R2,10,GAGTTCCCTCAGTTC,DR3,5PNNNNNNNNNN(BC)
TotalSeq-B,B1129,R2,10,ATAGTACGACCCGAT,DYKDDDDK,5PNNNNNNNNNN(BC)
TotalSeq-B,B1132,R2,10,GATATTCCCACCAAA,His_Tag,5PNNNNNNNNNN(BC)
TotalSeq-B,B1182,R2,10,TTGGCCTGTAGAAAT,CD262,5PNNNNNNNNNN(BC)
TotalSeq-B,B0251,R2,10,GTCAACTCTTTAGCG,HHTO-01,5PNNNNNNNNNN(BC)
TotalSeq-B,B0252,R2,10,TGATGGCCTATTGGG,HHTO-02,5PNNNNNNNNNN(BC)
TotalSeq-B,B0253,R2,10,TTCCGCCTCTCTTTG,HHTO-03,5PNNNNNNNNNN(BC)
TotalSeq-B,B0254,R2,10,AGTAAGTTCAGCGTA,HHTO-04,5PNNNNNNNNNN(BC)
TotalSeq-B,B0255,R2,10,AAGTATCGTTTCGCA,HHTO-05,5PNNNNNNNNNN(BC)
TotalSeq-B,B0256,R2,10,GGTTGCCAGATGTCA,HHTO-06,5PNNNNNNNNNN(BC)
TotalSeq-B,B0257,R2,10,TGTCTTTCCTGCCAG,HHTO-07,5PNNNNNNNNNN(BC)
TotalSeq-B,B0258,R2,10,CTCCTCTGCAATTAC,HHTO-08,5PNNNNNNNNNN(BC)
TotalSeq-B,B0259,R2,10,CAGTAGTCACGGTCA,HHTO-09,5PNNNNNNNNNN(BC)
TotalSeq-B,B0260,R2,10,ATTGACCCGCGTTAG,HHTO-10,5PNNNNNNNNNN(BC)
TotalSeq-B,B0301,R2,10,ACCCACCAGTAAGAC,MHTO-01,5PNNNNNNNNNN(BC)
TotalSeq-B,B0302,R2,10,GGTCGAGAGCATTCA,MHTO-02,5PNNNNNNNNNN(BC)
TotalSeq-B,B0303,R2,10,CTTGCCGCATGTCAT,MHTO-03,5PNNNNNNNNNN(BC)
TotalSeq-B,B0304,R2,10,AAAGCATTCTTCACG,MHTO-04,5PNNNNNNNNNN(BC)
TotalSeq-B,B0305,R2,10,CTTTGTCTTTGTGAG,MHTO-05,5PNNNNNNNNNN(BC)
TotalSeq-B,B0306,R2,10,TATGCTGCCACGGTA,MHTO-06,5PNNNNNNNNNN(BC)
TotalSeq-B,B0307,R2,10,GAGTCTGCCAGTATC,MHTO-07,5PNNNNNNNNNN(BC)
TotalSeq-B,B0308,R2,10,TATAGAACGCCAGGC,MHTO-08,5PNNNNNNNNNN(BC)
TotalSeq-B,B0309,R2,10,TGCCTATGAAACAAG,MHTO-09,5PNNNNNNNNNN(BC)
TotalSeq-B,B0310,R2,10,CCGATTGTAACAGAC,MHTO-10,5PNNNNNNNNNN(BC)
TotalSeq-C,C0001,R2,10,AACAAGACCCTTGAG,CD4,5PNNNNNNNNNN(BC)
TotalSeq-C,C0002,R2,10,TACCCGTAATAGCGT,CD8a,5PNNNNNNNNNN(BC)
TotalSeq-C,C0003,R2,10,ATTGGCACTCAGATG,CD366,5PNNNNNNNNNN(BC)
TotalSeq-C,C0004,R2,10,GAAAGTCAAAGCACT,CD279,5PNNNNNNNNNN(BC)
TotalSeq-C,C0005,R2,10,ACGAATCAATCTGTG,CD80,5PNNNNNNNNNN(BC)
TotalSeq-C,C0006,R2,10,GTCTTTGTCAGTGCA,CD86,5PNNNNNNNNNN(BC)
TotalSeq-C,C0007,R2,10,GTTGTCCGACAATAC,CD274,5PNNNNNNNNNN(BC)
TotalSeq-C,C0008,R2,10,TCAACGCTTGGCTAG,CD273,5PNNNNNNNNNN(BC)
TotalSeq-C,C0009,R2,10,GTGCATTCAACAGTA,CD275,5PNNNNNNNNNN(BC)
TotalSeq-C,C0012,R2,10,TGCATGTCATCGGTG,CD117,5PNNNNNNNNNN(BC)
TotalSeq-C,C0013,R2,10,AAGTCGTGAGGCATG,Ly-6C,5PNNNNNNNNNN(BC)
TotalSeq-C,C0014,R2,10,TGAAGGCTCATTTGT,CD11b,5PNNNNNNNNNN(BC)
TotalSeq-C,C0015,R2,10,ACATTGACGCAACTA,Ly-6G,5PNNNNNNNNNN(BC)
TotalSeq-C,C0020,R2,10,TGATAGAAACAGACC,CD270,5PNNNNNNNNNN(BC)
TotalSeq-C,C0022,R2,10,ATTCGCCTTACGCAA,CD137L,5PNNNNNNNNNN(BC)
TotalSeq-C,C0023,R2,10,ATCACATCGTTGCCA,CD155,5PNNNNNNNNNN(BC)
TotalSeq-C,C0024,R2,10,AACCTTCCGTCTAAG,CD112,5PNNNNNNNNNN(BC)
TotalSeq-C,C0026,R2,10,GCATTCTGTCACCTA,CD47,5PNNNNNNNNNN(BC)
TotalSeq-C,C0027,R2,10,CGCGAACATAAGAAG,CD70,5PNNNNNNNNNN(BC)
TotalSeq-C,C0028,R2,10,TCAGGGTGTGCTGTA,CD30,5PNNNNNNNNNN(BC)
TotalSeq-C,C0029,R2,10,CTACGACGTAGAAGA,CD48,5PNNNNNNNNNN(BC)
TotalSeq-C,C0031,R2,10,CTCAGATGGAGTATG,CD40,5PNNNNNNNNNN(BC)
TotalSeq-C,C0032,R2,10,GCTAGATAGATGCAA,CD154,5PNNNNNNNNNN(BC)
TotalSeq-C,C0033,R2,10,CTTTGTACGAGCAAA,CD52,5PNNNNNNNNNN(BC)
TotalSeq-C,C0034,R2,10,CTCATTGTAACTCCT,CD3,5PNNNNNNNNNN(BC)
TotalSeq-C,C0045,R2,10,GAGGTTAGTGATGGA,CD4,5PNNNNNNNNNN(BC)
TotalSeq-C,C0046,R2,10,GCGCAACTTGATGAT,CD8,5PNNNNNNNNNN(BC)
TotalSeq-C,C0047,R2,10,TCCTTTCCTGATAGG,CD56_(NCAM),5PNNNNNNNNNN(BC)
TotalSeq-C,C0048,R2,10,TCCCTTGCGATTTAC,CD45,5PNNNNNNNNNN(BC)
TotalSeq-C,C0049,R2,10,TATCCCTTGGGATGG,CD3,5PNNNNNNNNNN(BC)
TotalSeq-C,C0050,R2,10,CTGGGCAATTACTCG,CD19,5PNNNNNNNNNN(BC)
TotalSeq-C,C0051,R2,10,CAATCAGACCTATGA,CD14,5PNNNNNNNNNN(BC)
TotalSeq-C,C0052,R2,10,TAACTCAGGGCCTAT,CD33,5PNNNNNNNNNN(BC)
TotalSeq-C,C0053,R2,10,TACGCCTATAACTTG,CD11c,5PNNNNNNNNNN(BC)
TotalSeq-C,C0054,R2,10,GCAGAAATCTCCCTT,CD34,5PNNNNNNNNNN(BC)
TotalSeq-C,C0055,R2,10,ACTCTTTCGTTTACG,CD138,5PNNNNNNNNNN(BC)
TotalSeq-C,C0056,R2,10,CAGATGATCCACCAT,CD269,5PNNNNNNNNNN(BC)
TotalSeq-C,C0057,R2,10,CAGCCCGATTAAGGT,b2-microglobulin,5PNNNNNNNNNN(BC)
TotalSeq-C,C0058,R2,10,TATGCGAGGCTTATC,HLA-ABC,5PNNNNNNNNNN(BC)
TotalSeq-C,C0060,R2,10,GCATTGTACGATTCA,CD90,5PNNNNNNNNNN(BC)
TotalSeq-C,C0061,R2,10,AGACTAATAGCTGAC,CD117,5PNNNNNNNNNN(BC)
TotalSeq-C,C0062,R2,10,CAGCCATTCATTAGG,CD10,5PNNNNNNNNNN(BC)
TotalSeq-C,C0063,R2,10,TCAATCCTTCCGCTT,CD45RA,5PNNNNNNNNNN(BC)
TotalSeq-C,C0064,R2,10,CTTCACTCTGTCAGG,CD123,5PNNNNNNNNNN(BC)
TotalSeq-C,C0066,R2,10,TGGATTCCCGGACTT,CD7,5PNNNNNNNNNN(BC)
TotalSeq-C,C0068,R2,10,ATCGTCGAGAGCTAG,CD105,5PNNNNNNNNNN(BC)
TotalSeq-C,C0069,R2,10,GTTTCCTTGACCAAG,CD201,5PNNNNNNNNNN(BC)
TotalSeq-C,C0070,R2,10,TTCCGAGGATGATCT,CD49f,5PNNNNNNNNNN(BC)
TotalSeq-C,C0071,R2,10,AGCTTACCTGCACGA,CD194,5PNNNNNNNNNN(BC)
TotalSeq-C,C0072,R2,10,TGTTCCCGCTCAACT,CD4,5PNNNNNNNNNN(BC)
TotalSeq-C,C0073,R2,10,TGGCTTCAGGTCCTA,CD44,5PNNNNNNNNNN(BC)
TotalSeq-C,C0074,R2,10,ATAACCGACACAGTG,CD54,5PNNNNNNNNNN(BC)
TotalSeq-C,C0075,R2,10,CCGATCAGCCGTTTA,CD90.2,5PNNNNNNNNNN(BC)
TotalSeq-C,C0076,R2,10,GCTAGTTTGTGCTGC,CD15,5PNNNNNNNNNN(BC)
TotalSeq-C,C0077,R2,10,ACACTTAACGTCTGG,CD73,5PNNNNNNNNNN(BC)
TotalSeq-C,C0078,R2,10,CGCTTGGACGCTTAA,CD49d,5PNNNNNNNNNN(BC)
TotalSeq-C,C0079,R2,10,TCAATTCCGGTAGTC,CD200,5PNNNNNNNNNN(BC)
TotalSeq-C,C0080,R2,10,GCTGCGCTTTCCATT,CD8a,5PNNNNNNNNNN(BC)
TotalSeq-C,C0081,R2,10,TCTCAGACCTCCGTA,CD14,5PNNNNNNNNNN(BC)
TotalSeq-C,C0083,R2,10,AAGTTCACTCTTTGC,CD16,5PNNNNNNNNNN(BC)
TotalSeq-C,C0084,R2,10,TTCGCCGCATTGAGT,CD56,5PNNNNNNNNNN(BC)
TotalSeq-C,C0085,R2,10,TTTGTCCTGTACGCC,CD25,5PNNNNNNNNNN(BC)
TotalSeq-C,C0087,R2,10,CTCCGAATCATGTTG,CD45RO,5PNNNNNNNNNN(BC)
TotalSeq-C,C0088,R2,10,ACAGCGCCGTATTTA,CD279,5PNNNNNNNNNN(BC)
TotalSeq-C,C0089,R2,10,TTGCTTACCGCCAGA,TIGIT_(VSTM3),5PNNNNNNNNNN(BC)
TotalSeq-C,C0090,R2,10,GCCGGACGACATTAA,IgG1_k_Isotype_Ctrl,5PNNNNNNNNNN(BC)
TotalSeq-C,C0091,R2,10,CTCCTACCTAAACTG,NULL,5PNNNNNNNNNN(BC)
TotalSeq-C,C0092,R2,10,ATATGTATCACGCGA,IgG2b_k_Isotype_Ctrl,5PNNNNNNNNNN(BC)
TotalSeq-C,C0093,R2,10,ATCAGCCATGTCAGT,CD19,5PNNNNNNNNNN(BC)
TotalSeq-C,C0095,R2,10,GATTCTTGACGACCT,IgG2b_k,5PNNNNNNNNNN(BC)
TotalSeq-C,C0096,R2,10,TGGCTATGGAGCAGA,CD45,5PNNNNNNNNNN(BC)
TotalSeq-C,C0097,R2,10,ACCATGAGACACAGT,CD25,5PNNNNNNNNNN(BC)
TotalSeq-C,C0098,R2,10,GTAGCAAGATTCAAG,CD135,5PNNNNNNNNNN(BC)
TotalSeq-C,C0100,R2,10,TTCTGGGTCCCTAGA,CD20,5PNNNNNNNNNN(BC)
TotalSeq-C,C0101,R2,10,ACAATTTGAACAGCG,CD335,5PNNNNNNNNNN(BC)
TotalSeq-C,C0102,R2,10,TGTTTACGAGAGCCC,CD294,5PNNNNNNNNNN(BC)
TotalSeq-C,C0103,R2,10,CCTACACCTCATAAT,CD45R/B220,5PNNNNNNNNNN(BC)
TotalSeq-C,C0105,R2,10,TTCCGTTGTTGTGAG,CD115,5PNNNNNNNNNN(BC)
TotalSeq-C,C0106,R2,10,GTTATGGACGCTTGC,CD11c,5PNNNNNNNNNN(BC)
TotalSeq-C,C0107,R2,10,GGATAATTTCGATCC,CD21_CD35,5PNNNNNNNNNN(BC)
TotalSeq-C,C0108,R2,10,TCTCTTGGAAGATGA,CD23,5PNNNNNNNNNN(BC)
TotalSeq-C,C0109,R2,10,TTCGATGCTGGAGCA,CD16/32,5PNNNNNNNNNN(BC)
TotalSeq-C,C0110,R2,10,TTGGAGGGTTGTGCT,CD43,5PNNNNNNNNNN(BC)
TotalSeq-C,C0111,R2,10,CAGCTCAGTGTGTTG,CD5,5PNNNNNNNNNN(BC)
TotalSeq-C,C0112,R2,10,TGGGCCTAAGTCATC,CD62L,5PNNNNNNNNNN(BC)
TotalSeq-C,C0113,R2,10,GGTATTTCCTGTGGT,CD93,5PNNNNNNNNNN(BC)
TotalSeq-C,C0114,R2,10,TTAACTTCAGCCCGT,F4/80,5PNNNNNNNNNN(BC)
TotalSeq-C,C0115,R2,10,AGTCACCTCGAAGCT,FceRIa,5PNNNNNNNNNN(BC)
TotalSeq-C,C0116,R2,10,TAGTGTATGGACACG,Ly-6G/Ly-6C,5PNNNNNNNNNN(BC)
TotalSeq-C,C0117,R2,10,GGTCACCAGTATGAT,I-A/I-E,5PNNNNNNNNNN(BC)
TotalSeq-C,C0118,R2,10,GTAACATTACTCGTC,NK-1.1,5PNNNNNNNNNN(BC)
TotalSeq-C,C0119,R2,10,CCGCACCTACATTAG,Siglec_H,5PNNNNNNNNNN(BC)
TotalSeq-C,C0120,R2,10,TCCTATGGGACTCAG,TCR_b_chain,5PNNNNNNNNNN(BC)
TotalSeq-C,C0121,R2,10,AACCCAAATAGCTGA,TCR_g/d,5PNNNNNNNNNN(BC)
TotalSeq-C,C0122,R2,10,GCGCGTTTGTGCTAT,TER-119,5PNNNNNNNNNN(BC)
TotalSeq-C,C0123,R2,10,TTCCGAGCAAGTATC,CD326,5PNNNNNNNNNN(BC)
TotalSeq-C,C0124,R2,10,ACCTTTATGCCACGG,CD31,5PNNNNNNNNNN(BC)
TotalSeq-C,C0125,R2,10,AATCCTTCCGAATGT,CD44,5PNNNNNNNNNN(BC)
TotalSeq-C,C0126,R2,10,TGGTAACGACAGTCC,CD133,5PNNNNNNNNNN(BC)
TotalSeq-C,C0127,R2,10,GGTTACTCGTTGTGT,Podoplanin,5PNNNNNNNNNN(BC)
TotalSeq-C,C0128,R2,10,ATGCGCCGAGAATTA,CD140a,5PNNNNNNNNNN(BC)
TotalSeq-C,C0129,R2,10,CAATGGTTCACTGCC,CD140b,5PNNNNNNNNNN(BC)
TotalSeq-C,C0130,R2,10,TTCCTTTCCTACGCA,Ly-6A/E,5PNNNNNNNNNN(BC)
TotalSeq-C,C0131,R2,10,CGTTGCCATTAACCA,Cadherin_11,5PNNNNNNNNNN(BC)
TotalSeq-C,C0132,R2,10,GCTTAACATTGGCAC,EGFR,5PNNNNNNNNNN(BC)
TotalSeq-C,C0133,R2,10,CTGTAGCCGCCTATT,CD340,5PNNNNNNNNNN(BC)
TotalSeq-C,C0134,R2,10,CCTTGGATAACATCA,CD146,5PNNNNNNNNNN(BC)
TotalSeq-C,C0135,R2,10,ATCCTTCTCCCTTTC,CD324,5PNNNNNNNNNN(BC)
TotalSeq-C,C0136,R2,10,TAGCGAGCCCGTATA,IgM,5PNNNNNNNNNN(BC)
TotalSeq-C,C0138,R2,10,CATTAACGGGATGCC,CD5,5PNNNNNNNNNN(BC)
TotalSeq-C,C0139,R2,10,CTTCCGATTCATTCA,TCR_g/d,5PNNNNNNNNNN(BC)
TotalSeq-C,C0140,R2,10,GCGATGGTAGATTAT,CD183,5PNNNNNNNNNN(BC)
TotalSeq-C,C0141,R2,10,CCAAAGTAAGAGCCA,CD195,5PNNNNNNNNNN(BC)
TotalSeq-C,C0142,R2,10,GCTTCCGAATTACCG,CD32,5PNNNNNNNNNN(BC)
TotalSeq-C,C0143,R2,10,GATCCCTTTGTCACT,CD196,5PNNNNNNNNNN(BC)
TotalSeq-C,C0144,R2,10,AATTCAACCGTCGCC,CD185,5PNNNNNNNNNN(BC)
TotalSeq-C,C0145,R2,10,GACCTCATTGTGAAT,CD103,5PNNNNNNNNNN(BC)
TotalSeq-C,C0146,R2,10,GTCTCTTGGCTTAAA,CD69,5PNNNNNNNNNN(BC)
TotalSeq-C,C0147,R2,10,GTCCCTGCAACTTGA,CD62L,5PNNNNNNNNNN(BC)
TotalSeq-C,C0148,R2,10,AGTTCAGTCAACCGA,CD197,5PNNNNNNNNNN(BC)
TotalSeq-C,C0149,R2,10,GTACGCAGTCCTTCT,CD161,5PNNNNNNNNNN(BC)
TotalSeq-C,C0151,R2,10,ATGGTTCACGTAATC,CD152,5PNNNNNNNNNN(BC)
TotalSeq-C,C0152,R2,10,CATTTGTCTGCCGGT,CD223_(LAG-3),5PNNNNNNNNNN(BC)
TotalSeq-C,C0154,R2,10,GCACTCCTGCATGTA,CD27,5PNNNNNNNNNN(BC)
TotalSeq-C,C0155,R2,10,CAGCCCACTGCAATA,CD107a,5PNNNNNNNNNN(BC)
TotalSeq-C,C0156,R2,10,CCAGCTCATTAGAGC,CD95,5PNNNNNNNNNN(BC)
TotalSeq-C,C0157,R2,10,CACCGTCATTCAACC,CD45.2,5PNNNNNNNNNN(BC)
TotalSeq-C,C0158,R2,10,AACCCACCGTTGTTA,CD134,5PNNNNNNNNNN(BC)
TotalSeq-C,C0159,R2,10,AATAGCGAGCAAGTA,HLA-DR,5PNNNNNNNNNN(BC)
TotalSeq-C,C0160,R2,10,GAGCTACTTCACTCG,CD1c,5PNNNNNNNNNN(BC)
TotalSeq-C,C0161,R2,10,GACAAGTGATCTGCA,CD11b,5PNNNNNNNNNN(BC)
TotalSeq-C,C0162,R2,10,AAGTATGCCCTACGA,CD64,5PNNNNNNNNNN(BC)
TotalSeq-C,C0163,R2,10,GGATAACCGCGCTTT,CD141,5PNNNNNNNNNN(BC)
TotalSeq-C,C0164,R2,10,TCGAGTCGCTTATCA,CD1d,5PNNNNNNNNNN(BC)
TotalSeq-C,C0165,R2,10,CGTGTTTGTTCCTCA,CD314,5PNNNNNNNNNN(BC)
TotalSeq-C,C0166,R2,10,AGCTGTAAGTTTCGG,CD66b,5PNNNNNNNNNN(BC)
TotalSeq-C,C0167,R2,10,ACTTCCGTCGATCTT,CD35,5PNNNNNNNNNN(BC)
TotalSeq-C,C0168,R2,10,AACTCCCTATGGAGG,CD57,5PNNNNNNNNNN(BC)
TotalSeq-C,C0169,R2,10,TGTCCTACCCAACTT,CD366,5PNNNNNNNNNN(BC)
TotalSeq-C,C0170,R2,10,GTTATTGGACTAAGG,CD272,5PNNNNNNNNNN(BC)
TotalSeq-C,C0171,R2,10,CGCGCACCCATTAAA,CD278,5PNNNNNNNNNN(BC)
TotalSeq-C,C0174,R2,10,GTTCCTATGGACGAC,CD58,5PNNNNNNNNNN(BC)
TotalSeq-C,C0175,R2,10,TGGCCTATAAATGGT,CD96,5PNNNNNNNNNN(BC)
TotalSeq-C,C0176,R2,10,TTACCTGGTATCCGT,CD39,5PNNNNNNNNNN(BC)
TotalSeq-C,C0177,R2,10,CCGGTCCTCTGTATT,CD178,5PNNNNNNNNNN(BC)
TotalSeq-C,C0178,R2,10,CCTATGGACTTGGAC,CD45.1,5PNNNNNNNNNN(BC)
TotalSeq-C,C0179,R2,10,AGTATCGTCTCTGGG,CX3CR1,5PNNNNNNNNNN(BC)
TotalSeq-C,C0180,R2,10,AGATTCCTTCGTGTT,CD24,5PNNNNNNNNNN(BC)
TotalSeq-C,C0181,R2,10,AACCTAGTAGTTCGG,CD21,5PNNNNNNNNNN(BC)
TotalSeq-C,C0182,R2,10,GTATGTCCGCTCGAT,CD3,5PNNNNNNNNNN(BC)
TotalSeq-C,C0184,R2,10,CCCTTTCACCTCGAA,CD335,5PNNNNNNNNNN(BC)
TotalSeq-C,C0185,R2,10,TATATCCTTGTGAGC,CD11a,5PNNNNNNNNNN(BC)
TotalSeq-C,C0187,R2,10,ATTCTTCAACCGAAG,CD79b,5PNNNNNNNNNN(BC)
TotalSeq-C,C0188,R2,10,GGGACAGTTCGTTTC,CD66a/c/e,5PNNNNNNNNNN(BC)
TotalSeq-C,C0189,R2,10,TCGCTTGGATGGTAG,CD244,5PNNNNNNNNNN(BC)
TotalSeq-C,C0190,R2,10,TCGATTCCACCAACT,CD274,5PNNNNNNNNNN(BC)
TotalSeq-C,C0191,R2,10,CAAGGTATGTCACTG,CD27,5PNNNNNNNNNN(BC)
TotalSeq-C,C0192,R2,10,TCCACTCCCTGTATA,CD20,5PNNNNNNNNNN(BC)
TotalSeq-C,C0193,R2,10,GGCACTCTGTAACAT,CD357,5PNNNNNNNNNN(BC)
TotalSeq-C,C0194,R2,10,TCCCTGTATAGATGA,CD137,5PNNNNNNNNNN(BC)
TotalSeq-C,C0195,R2,10,CTCACCTACCTATGG,CD134,5PNNNNNNNNNN(BC)
TotalSeq-C,C0196,R2,10,GCTCCTTTACACGTA,CD235ab,5PNNNNNNNNNN(BC)
TotalSeq-C,C0197,R2,10,TTGTATTCCGCCATT,CD69,5PNNNNNNNNNN(BC)
TotalSeq-C,C0198,R2,10,GTGTGAGGCACTCTT,CD127,5PNNNNNNNNNN(BC)
TotalSeq-C,C0199,R2,10,CTTCTCCTCAGCAAT,Siglec-8,5PNNNNNNNNNN(BC)
TotalSeq-C,C0200,R2,10,CTGGATTTGTGTATC,CD86,5PNNNNNNNNNN(BC)
TotalSeq-C,C0201,R2,10,TTCATTAGCCCGCTG,CD103,5PNNNNNNNNNN(BC)
TotalSeq-C,C0202,R2,10,AGCAATTAACGGGAG,CD64,5PNNNNNNNNNN(BC)
TotalSeq-C,C0203,R2,10,CAACGCCTAGAAACC,CD150,5PNNNNNNNNNN(BC)
TotalSeq-C,C0204,R2,10,ATTAAGAGCGTGTTG,CD28,5PNNNNNNNNNN(BC)
TotalSeq-C,C0205,R2,10,TCAGAACGTCTAACT,CD206,5PNNNNNNNNNN(BC)
TotalSeq-C,C0206,R2,10,TACTCAGCGTGTTTG,CD169,5PNNNNNNNNNN(BC)
TotalSeq-C,C0207,R2,10,CTGCATTTCAGTAAG,CD370,5PNNNNNNNNNN(BC)
TotalSeq-C,C0208,R2,10,AAGACGCATGTCAAC,XCR1,5PNNNNNNNNNN(BC)
TotalSeq-C,C0209,R2,10,TCGTTTAACCAGCCT,TCR_Vg1.1,5PNNNNNNNNNN(BC)
TotalSeq-C,C0210,R2,10,TCGTGGTCCCTTTCT,TCR_Vg3,5PNNNNNNNNNN(BC)
TotalSeq-C,C0211,R2,10,AAGCTGCACCGTAAT,TCR_Vg2,5PNNNNNNNNNN(BC)
TotalSeq-C,C0212,R2,10,TATATCTTTGCCGCA,CD24,5PNNNNNNNNNN(BC)
TotalSeq-C,C0213,R2,10,AATCTGTAGTGCGTT,Notch_1,5PNNNNNNNNNN(BC)
TotalSeq-C,C0214,R2,10,TCCTTGGATGTACCG,Integrin_b7,5PNNNNNNNNNN(BC)
TotalSeq-C,C0215,R2,10,CGAAGTCGATCCGTA,CD268,5PNNNNNNNNNN(BC)
TotalSeq-C,C0216,R2,10,TCCTAGTACCGAAGT,CD42b,5PNNNNNNNNNN(BC)
TotalSeq-C,C0217,R2,10,CTGATAGACTTGAGT,CD54,5PNNNNNNNNNN(BC)
TotalSeq-C,C0218,R2,10,CCTTCCGTATCCCTT,CD62P,5PNNNNNNNNNN(BC)
TotalSeq-C,C0219,R2,10,TGTGTATTCCCTTGT,CD119,5PNNNNNNNNNN(BC)
TotalSeq-C,C0224,R2,10,CGTAACGTAGAGCGA,TCR_a/b,5PNNNNNNNNNN(BC)
TotalSeq-C,C0225,R2,10,CTCTCTGCATTCCTC,CD196,5PNNNNNNNNNN(BC)
TotalSeq-C,C0226,R2,10,CGTTCCTACCTACCT,CD106,5PNNNNNNNNNN(BC)
TotalSeq-C,C0227,R2,10,GGTATGCGACACTTA,CD122,5PNNNNNNNNNN(BC)
TotalSeq-C,C0228,R2,10,GTTCACGCCGTGTTA,CD183,5PNNNNNNNNNN(BC)
TotalSeq-C,C0229,R2,10,TGTGTGCCGTAGACT,CD62P_(P-selectin),5PNNNNNNNNNN(BC)
TotalSeq-C,C0230,R2,10,TTCCCTCTATGGAGC,CD8b,5PNNNNNNNNNN(BC)
TotalSeq-C,C0231,R2,10,CGTTTATGGGATGGG,H-2Kb_bound_to_SIINFEKL,5PNNNNNNNNNN(BC)
TotalSeq-C,C0232,R2,10,TTGGGCGATTAAGAA,MAdCAM-1,5PNNNNNNNNNN(BC)
TotalSeq-C,C0233,R2,10,CTATTGGACGTATCT,Notch3,5PNNNNNNNNNN(BC)
TotalSeq-C,C0235,R2,10,ACTATCCGTTGTGCT,TCR_Vb8.1-8.2,5PNNNNNNNNNN(BC)
TotalSeq-C,C0236,R2,10,ATCAGATGCCCTCAT,IgG1_k_Isotype_Ctrl,5PNNNNNNNNNN(BC)
TotalSeq-C,C0237,R2,10,GGGAGCGATTCAACT,IgG1_l_Isotype_Ctrl,5PNNNNNNNNNN(BC)
TotalSeq-C,C0238,R2,10,AAGTCAGGTTCGTTT,IgG2a_k_Isotype_Ctrl,5PNNNNNNNNNN(BC)
TotalSeq-C,C0240,R2,10,TCCAGGCTAGTCATT,Rat_IgG2c_k,5PNNNNNNNNNN(BC)
TotalSeq-C,C0241,R2,10,CCTGTCATTAAGACT,IgG_Isotype_Ctrl,5PNNNNNNNNNN(BC)
TotalSeq-C,C0242,R2,10,GAGTTCCCTTACCTG,CD192,5PNNNNNNNNNN(BC)
TotalSeq-C,C0245,R2,10,TCACAGTTCCTTGGA,CD106,5PNNNNNNNNNN(BC)
TotalSeq-C,C0246,R2,10,TCATTTCCTCCGATT,CD122,5PNNNNNNNNNN(BC)
TotalSeq-C,C0247,R2,10,AGTGATGGAGCGAAC,CD267,5PNNNNNNNNNN(BC)
TotalSeq-C,C0248,R2,10,CTCCCTGTGGCTTAA,CD62E,5PNNNNNNNNNN(BC)
TotalSeq-C,C0250,R2,10,GTAGTAGGCTAGACC,KLRG1,5PNNNNNNNNNN(BC)
TotalSeq-C,C0351,R2,10,CAGTAGATGGAGCAT,CD135,5PNNNNNNNNNN(BC)
TotalSeq-C,C0352,R2,10,CTCGTTTCCGTATCG,FceRIa,5PNNNNNNNNNN(BC)
TotalSeq-C,C0353,R2,10,ACGTTGTGGCCTTGT,CD41,5PNNNNNNNNNN(BC)
TotalSeq-C,C0354,R2,10,CTCAACAGTATTCTG,TCR_Vb5.1_5.2,5PNNNNNNNNNN(BC)
TotalSeq-C,C0355,R2,10,CAGTAAGTTCGGGAC,CD137,5PNNNNNNNNNN(BC)
TotalSeq-C,C0356,R2,10,TCCGTGTTAGTTTGT,CD254,5PNNNNNNNNNN(BC)
TotalSeq-C,C0358,R2,10,GCTTCTCCTTCCTTA,CD163,5PNNNNNNNNNN(BC)
TotalSeq-C,C0359,R2,10,CCACTCATTTCCGGT,CD83,5PNNNNNNNNNN(BC)
TotalSeq-C,C0360,R2,10,ACCTTTCGACACTCG,CD357_(GITR),5PNNNNNNNNNN(BC)
TotalSeq-C,C0361,R2,10,AATTAGCCGTCGAGA,CD59,5PNNNNNNNNNN(BC)
TotalSeq-C,C0362,R2,10,TTCACGCAGTAAGAT,CD309,5PNNNNNNNNNN(BC)
TotalSeq-C,C0363,R2,10,CCGTCCTGATAGATG,CD124,5PNNNNNNNNNN(BC)
TotalSeq-C,C0364,R2,10,TTTCAACGCCCTTTC,CD13,5PNNNNNNNNNN(BC)
TotalSeq-C,C0366,R2,10,TCAGGTCCTTTCAAC,CD184,5PNNNNNNNNNN(BC)
TotalSeq-C,C0367,R2,10,TACGATTTGTCAGGG,CD2,5PNNNNNNNNNN(BC)
TotalSeq-C,C0368,R2,10,TCTCAGTGTTTGTGG,CD226,5PNNNNNNNNNN(BC)
TotalSeq-C,C0369,R2,10,GTATTCCCTCAGTCA,CD29,5PNNNNNNNNNN(BC)
TotalSeq-C,C0370,R2,10,GAGATGTCCGAATTT,CD303,5PNNNNNNNNNN(BC)
TotalSeq-C,C0371,R2,10,GCTTTCTTCAGTATG,CD49b,5PNNNNNNNNNN(BC)
TotalSeq-C,C0372,R2,10,AGGTTGGAGTAGACT,CD61,5PNNNNNNNNNN(BC)
TotalSeq-C,C0373,R2,10,GTATCCTTCCTTGGC,CD81,5PNNNNNNNNNN(BC)
TotalSeq-C,C0374,R2,10,GCACCAACAGCCATT,CD98,5PNNNNNNNNNN(BC)
TotalSeq-C,C0375,R2,10,CTGGAGCGATTAGAA,IgG_Fc,5PNNNNNNNNNN(BC)
TotalSeq-C,C0377,R2,10,TTATTAACAGCCCAC,CD197,5PNNNNNNNNNN(BC)
TotalSeq-C,C0378,R2,10,ATTCCGTCCCTAAGG,CD223,5PNNNNNNNNNN(BC)
TotalSeq-C,C0380,R2,10,AGTATGGGATGCAAT,CD90/CD90.1,5PNNNNNNNNNN(BC)
TotalSeq-C,C0383,R2,10,GCTCATTACCCATTA,CD55,5PNNNNNNNNNN(BC)
TotalSeq-C,C0384,R2,10,CAGTCTCCGTAGAGT,IgD,5PNNNNNNNNNN(BC)
TotalSeq-C,C0385,R2,10,TATTGGGACACTTCT,CD18,5PNNNNNNNNNN(BC)
TotalSeq-C,C0386,R2,10,TGAGAACGACCCTAA,CD28,5PNNNNNNNNNN(BC)
TotalSeq-C,C0387,R2,10,CAGTCCTCTCTGTCA,TSLPR,5PNNNNNNNNNN(BC)
TotalSeq-C,C0388,R2,10,AGTGTTTGTCCTGGT,CD152,5PNNNNNNNNNN(BC)
TotalSeq-C,C0389,R2,10,TGTACCCGCTTGTGA,CD38,5PNNNNNNNNNN(BC)
TotalSeq-C,C0390,R2,10,GTGTGTTGTCCTATG,CD127,5PNNNNNNNNNN(BC)
TotalSeq-C,C0391,R2,10,TGCAATTACCCGGAT,CD45,5PNNNNNNNNNN(BC)
TotalSeq-C,C0392,R2,10,TCACCAGTACCTAGT,CD15,5PNNNNNNNNNN(BC)
TotalSeq-C,C0393,R2,10,GGGTTGTTGTCTTTG,CD22,5PNNNNNNNNNN(BC)
TotalSeq-C,C0394,R2,10,CCGTGTTCCTCATTA,CD71,5PNNNNNNNNNN(BC)
TotalSeq-C,C0395,R2,10,TGTATGTCTGCCTTG,B7-H4,5PNNNNNNNNNN(BC)
TotalSeq-C,C0396,R2,10,GGTGGCTAGATAATG,CD26,5PNNNNNNNNNN(BC)
TotalSeq-C,C0397,R2,10,ACCAATCCTTTCGTC,CD193,5PNNNNNNNNNN(BC)
TotalSeq-C,C0398,R2,10,AATCACGGTCCTTGT,CD115,5PNNNNNNNNNN(BC)
TotalSeq-C,C0399,R2,10,TAGCGAGCCAGATGT,CD204,5PNNNNNNNNNN(BC)
TotalSeq-C,C0400,R2,10,TCCACTCATTCTGTA,CD144,5PNNNNNNNNNN(BC)
TotalSeq-C,C0402,R2,10,GATCGTGTTGTGTTA,CD1a,5PNNNNNNNNNN(BC)
TotalSeq-C,C0403,R2,10,CATTCTTCACGGGAT,CD207,5PNNNNNNNNNN(BC)
TotalSeq-C,C0404,R2,10,GAGATGTCTGCAACT,CD63,5PNNNNNNNNNN(BC)
TotalSeq-C,C0405,R2,10,GCTTAGCTGTATCCG,CD284,5PNNNNNNNNNN(BC)
TotalSeq-C,C0406,R2,10,GGACTAAGTTTCGTT,CD304,5PNNNNNNNNNN(BC)
TotalSeq-C,C0407,R2,10,TTCTTTGCCTTGCCA,CD36,5PNNNNNNNNNN(BC)
TotalSeq-C,C0408,R2,10,CGTGTTTAACTTGAG,CD172a_(SIRPa),5PNNNNNNNNNN(BC)
TotalSeq-C,C0409,R2,10,TGTCAGTTCCTATGA,CD85,5PNNNNNNNNNN(BC)
TotalSeq-C,C0410,R2,10,CCTATTCCGATTCCG,CD38,5PNNNNNNNNNN(BC)
TotalSeq-C,C0416,R2,10,CGGTCCGTATCATTT,CD300LG,5PNNNNNNNNNN(BC)
TotalSeq-C,C0417,R2,10,GAGCAAGATTAAGAC,CD163,5PNNNNNNNNNN(BC)
TotalSeq-C,C0419,R2,10,CAGTCGTGGTAGATA,CD72,5PNNNNNNNNNN(BC)
TotalSeq-C,C0420,R2,10,TATCAACCAACGCTT,CD158,5PNNNNNNNNNN(BC)
TotalSeq-C,C0421,R2,10,CGCGTTAGTAGAGTC,CD49b,5PNNNNNNNNNN(BC)
TotalSeq-C,C0422,R2,10,GATTCCCTTGTAGCA,CD172a_(SIRPa),5PNNNNNNNNNN(BC)
TotalSeq-C,C0423,R2,10,TCCTGCATGTACCCA,MERTK,5PNNNNNNNNNN(BC)
TotalSeq-C,C0424,R2,10,AACCAACAGTCACGT,CD14,5PNNNNNNNNNN(BC)
TotalSeq-C,C0426,R2,10,AGTGCGATCTGCAAC,CD192_(CCR2),5PNNNNNNNNNN(BC)
TotalSeq-C,C0427,R2,10,TGTGGCTAGTCAGTT,Folate_Receptor_b_(FR-b),5PNNNNNNNNNN(BC)
TotalSeq-C,C0428,R2,10,CGTCATATAGTATGG,Tim-4,5PNNNNNNNNNN(BC)
TotalSeq-C,C0429,R2,10,AGAACCGCCGTAGTT,CD48,5PNNNNNNNNNN(BC)
TotalSeq-C,C0431,R2,10,TCAATCTCCGTCGCT,CD170,5PNNNNNNNNNN(BC)
TotalSeq-C,C0433,R2,10,CCTTCCCTTTCCTCT,CD325,5PNNNNNNNNNN(BC)
TotalSeq-C,C0436,R2,10,CGGTATATCAACAGA,Biotin,5PNNNNNNNNNN(BC)
TotalSeq-C,C0437,R2,10,CGATTTGTATTCCCT,CD207,5PNNNNNNNNNN(BC)
TotalSeq-C,C0439,R2,10,TATGATCTGCCCTTG,CD201,5PNNNNNNNNNN(BC)
TotalSeq-C,C0440,R2,10,ATTGACGACAGTCAT,CD169,5PNNNNNNNNNN(BC)
TotalSeq-C,C0441,R2,10,ACCGACCAGTAGACA,CD71,5PNNNNNNNNNN(BC)
TotalSeq-C,C0442,R2,10,TCCGGTCACTCAGTA,Notch_1,5PNNNNNNNNNN(BC)
TotalSeq-C,C0443,R2,10,ACTTGGATGGACACT,CD41,5PNNNNNNNNNN(BC)
TotalSeq-C,C0446,R2,10,GCGCTACTTCCTTGA,CD93,5PNNNNNNNNNN(BC)
TotalSeq-C,C0447,R2,10,CACGTAGACCTTTGC,CD200,5PNNNNNNNNNN(BC)
TotalSeq-C,C0448,R2,10,AGCTAGACACGTTGT,CD204,5PNNNNNNNNNN(BC)
TotalSeq-C,C0449,R2,10,ACCCGCGTTAGTATG,CD326,5PNNNNNNNNNN(BC)
TotalSeq-C,C0450,R2,10,AGCTACGCATTCAAT,IgM,5PNNNNNNNNNN(BC)
TotalSeq-C,C0552,R2,10,CCAGCTCATTCAACG,CD304,5PNNNNNNNNNN(BC)
TotalSeq-C,C0553,R2,10,ATAAGAGCCCACCAT,CD309,5PNNNNNNNNNN(BC)
TotalSeq-C,C0556,R2,10,AACTCAGTTGTGCCG,CD370,5PNNNNNNNNNN(BC)
TotalSeq-C,C0557,R2,10,CGTATCCGTCTCCTA,CD38,5PNNNNNNNNNN(BC)
TotalSeq-C,C0558,R2,10,ATTGTTGTCAGACCA,CD55,5PNNNNNNNNNN(BC)
TotalSeq-C,C0559,R2,10,ATCCGACACGTATTA,CD63,5PNNNNNNNNNN(BC)
TotalSeq-C,C0560,R2,10,CTTTCTTTCACGGGA,CD68,5PNNNNNNNNNN(BC)
TotalSeq-C,C0561,R2,10,TAACTCAGTGCGAGT,CD79b,5PNNNNNNNNNN(BC)
TotalSeq-C,C0562,R2,10,TCTCAGGCTTCCTAG,CD83,5PNNNNNNNNNN(BC)
TotalSeq-C,C0563,R2,10,CACTCTCAGTCCTAT,CX3CR1,5PNNNNNNNNNN(BC)
TotalSeq-C,C0565,R2,10,AGTAGAGCAACTCGT,MERTK_(Mer),5PNNNNNNNNNN(BC)
TotalSeq-C,C0566,R2,10,CTTGCCTTGCGATTT,CD301b,5PNNNNNNNNNN(BC)
TotalSeq-C,C0567,R2,10,TGCTGGAGGGTATTC,Tim-4,5PNNNNNNNNNN(BC)
TotalSeq-C,C0568,R2,10,TCCATTACCCACGTT,XCR1,5PNNNNNNNNNN(BC)
TotalSeq-C,C0569,R2,10,TAAGACTTGGCCGTC,CD338,5PNNNNNNNNNN(BC)
TotalSeq-C,C0570,R2,10,ACGCATTCCTTGTGT,CD29,5PNNNNNNNNNN(BC)
TotalSeq-C,C0571,R2,10,TCATATCCGTTGTCC,IgD,5PNNNNNNNNNN(BC)
TotalSeq-C,C0572,R2,10,ACAATTTGTCTGCGA,C5L2,5PNNNNNNNNNN(BC)
TotalSeq-C,C0573,R2,10,GTCATTGCGGTCCTA,CD140a,5PNNNNNNNNNN(BC)
TotalSeq-C,C0574,R2,10,AGAGTATGTATGGGA,CD235a,5PNNNNNNNNNN(BC)
TotalSeq-C,C0575,R2,10,ACTGATGGACTCAGA,CD49a,5PNNNNNNNNNN(BC)
TotalSeq-C,C0576,R2,10,CCATTCAACTTCCGG,CD49d,5PNNNNNNNNNN(BC)
TotalSeq-C,C0577,R2,10,CAGTTCCTCAGTTCG,CD73,5PNNNNNNNNNN(BC)
TotalSeq-C,C0579,R2,10,GAGTCACCAATCTGC,CD9,5PNNNNNNNNNN(BC)
TotalSeq-C,C0581,R2,10,TACGAGCAGTATTCA,TCR_Va7.2,5PNNNNNNNNNN(BC)
TotalSeq-C,C0582,R2,10,TCAGTCAGATGGTAT,TCR_Vd2,5PNNNNNNNNNN(BC)
TotalSeq-C,C0583,R2,10,AAGTGATGGTATCTG,TCR_Vg9,5PNNNNNNNNNN(BC)
TotalSeq-C,C0584,R2,10,AACTTCTGTGGTAGC,TCR_Va24-Ja18,5PNNNNNNNNNN(BC)
TotalSeq-C,C0586,R2,10,TAGCCGTTTCCTTTG,CD354,5PNNNNNNNNNN(BC)
TotalSeq-C,C0590,R2,10,ATTTCCATTCCCTGT,CD305,5PNNNNNNNNNN(BC)
TotalSeq-C,C0591,R2,10,ACCCTTTACCGAATA,LOX-1,5PNNNNNNNNNN(BC)
TotalSeq-C,C0592,R2,10,GACCCGTAGTTTGAT,CD158b,5PNNNNNNNNNN(BC)
TotalSeq-C,C0593,R2,10,TAACCGTACCTGCAT,CD203c,5PNNNNNNNNNN(BC)
TotalSeq-C,C0594,R2,10,GTAAGACGCCTATGC,CD133,5PNNNNNNNNNN(BC)
TotalSeq-C,C0595,R2,10,AGAGTCTCCCTTTAG,CD11a,5PNNNNNNNNNN(BC)
TotalSeq-C,C0596,R2,10,TATAGTTTCCGCCGT,ESAM,5PNNNNNNNNNN(BC)
TotalSeq-C,C0597,R2,10,TCACTGGACACTTAA,CD209,5PNNNNNNNNNN(BC)
TotalSeq-C,C0599,R2,10,GGACGCTTTCCTTGA,CD158e1,5PNNNNNNNNNN(BC)
TotalSeq-C,C0600,R2,10,AAAGTGATGCCACTG,CD158f,5PNNNNNNNNNN(BC)
TotalSeq-C,C0801,R2,10,AAAGTCACTCTGCCG,CD337,5PNNNNNNNNNN(BC)
TotalSeq-C,C0802,R2,10,GGGCAATTAGCGAGT,CD336,5PNNNNNNNNNN(BC)
TotalSeq-C,C0804,R2,10,GACAGTCGATGCAAC,CD186,5PNNNNNNNNNN(BC)
TotalSeq-C,C0805,R2,10,AGACCAACTCATTCA,CD226,5PNNNNNNNNNN(BC)
TotalSeq-C,C0807,R2,10,ATTCTTTCCCTCTGT,CD200R,5PNNNNNNNNNN(BC)
TotalSeq-C,C0808,R2,10,TAGAACCGTATCCGT,CD193,5PNNNNNNNNNN(BC)
TotalSeq-C,C0810,R2,10,GCGTTTGTATGTACT,CD138,5PNNNNNNNNNN(BC)
TotalSeq-C,C0811,R2,10,TGTGGTAGCCCTTGT,CD317,5PNNNNNNNNNN(BC)
TotalSeq-C,C0812,R2,10,TATCCCTGCCTTGCA,CD105,5PNNNNNNNNNN(BC)
TotalSeq-C,C0813,R2,10,TAGCAGTCACTCCTA,CD9,5PNNNNNNNNNN(BC)
TotalSeq-C,C0814,R2,10,CTATCGTTTGATGCA,CD205,5PNNNNNNNNNN(BC)
TotalSeq-C,C0815,R2,10,ATCTGTATGTCACAG,CCR10,5PNNNNNNNNNN(BC)
TotalSeq-C,C0816,R2,10,AACCGCGCTTCAGAT,CD271,5PNNNNNNNNNN(BC)
TotalSeq-C,C0817,R2,10,CACTTAACTCTGGGT,CD109,5PNNNNNNNNNN(BC)
TotalSeq-C,C0818,R2,10,GCGATTCATGTCACG,CD18,5PNNNNNNNNNN(BC)
TotalSeq-C,C0819,R2,10,TGATGGGAGCTTATC,CD126,5PNNNNNNNNNN(BC)
TotalSeq-C,C0820,R2,10,CACGAGAATTTCAGT,CD130,5PNNNNNNNNNN(BC)
TotalSeq-C,C0821,R2,10,GAGGCACTTAACATA,CD164,5PNNNNNNNNNN(BC)
TotalSeq-C,C0822,R2,10,CACTGCCGTCGATTA,CD142,5PNNNNNNNNNN(BC)
TotalSeq-C,C0823,R2,10,AAACTCAGGTCCTTC,CD34,5PNNNNNNNNNN(BC)
TotalSeq-C,C0824,R2,10,TGCTTCATTCATGTG,P2X7R,5PNNNNNNNNNN(BC)
TotalSeq-C,C0825,R2,10,GCGAGAAATCTGCAT,CD371,5PNNNNNNNNNN(BC)
TotalSeq-C,C0826,R2,10,GCCTAGTTTGAACGC,CD307c/FcRL3,5PNNNNNNNNNN(BC)
TotalSeq-C,C0827,R2,10,AGGTCCTCTCTGGAT,CD22,5PNNNNNNNNNN(BC)
TotalSeq-C,C0828,R2,10,CGATTTGATCTGCCT,CD307d,5PNNNNNNNNNN(BC)
TotalSeq-C,C0829,R2,10,TCACGCAGTCCTCAA,CD307e,5PNNNNNNNNNN(BC)
TotalSeq-C,C0830,R2,10,AGTATGCCATGTCTT,CD319,5PNNNNNNNNNN(BC)
TotalSeq-C,C0831,R2,10,GTATAGACCAAAGCC,CD138,5PNNNNNNNNNN(BC)
TotalSeq-C,C0833,R2,10,TTCATGTGTTTGTGC,CD194,5PNNNNNNNNNN(BC)
TotalSeq-C,C0834,R2,10,GCGTATTTAACCCGT,CD39,5PNNNNNNNNNN(BC)
TotalSeq-C,C0835,R2,10,GAGGCTTATCATTTC,CD314,5PNNNNNNNNNN(BC)
TotalSeq-C,C0836,R2,10,GCTTGGGCAATTAAG,DR3,5PNNNNNNNNNN(BC)
TotalSeq-C,C0837,R2,10,GCGATGGAGCATGTT,IL-33Ra,5PNNNNNNNNNN(BC)
TotalSeq-C,C0839,R2,10,CCAGTAGGCTTATTA,Ly49H,5PNNNNNNNNNN(BC)
TotalSeq-C,C0840,R2,10,CGTATCTGTCATTAG,Ly49G,5PNNNNNNNNNN(BC)
TotalSeq-C,C0841,R2,10,TATATCCCTCAACGC,Ly49D,5PNNNNNNNNNN(BC)
TotalSeq-C,C0842,R2,10,AATTCCGTCAGATGA,Ly-49A,5PNNNNNNNNNN(BC)
TotalSeq-C,C0843,R2,10,ATTCCTCATTCCTGA,CD199,5PNNNNNNNNNN(BC)
TotalSeq-C,C0844,R2,10,AGATGGGACTCACCA,CD45RB,5PNNNNNNNNNN(BC)
TotalSeq-C,C0845,R2,10,ACCCGTCCCTAAGAA,CD99,5PNNNNNNNNNN(BC)
TotalSeq-C,C0846,R2,10,ACGTAGTCACCTAGT,CD185,5PNNNNNNNNNN(BC)
TotalSeq-C,C0847,R2,10,ACTGCCATATCCCTA,CD278,5PNNNNNNNNNN(BC)
TotalSeq-C,C0848,R2,10,GAAAGTCGCCAACAG,TIGIT,5PNNNNNNNNNN(BC)
TotalSeq-C,C0849,R2,10,GACCCGGTGTCATTT,CD80,5PNNNNNNNNNN(BC)
TotalSeq-C,C0850,R2,10,CCATTCATTTGTGGC,CD49a,5PNNNNNNNNNN(BC)
TotalSeq-C,C0851,R2,10,CAACTTGGCCGAATC,CD1d,5PNNNNNNNNNN(BC)
TotalSeq-C,C0852,R2,10,ACGCAGTATTTCCGA,CD226,5PNNNNNNNNNN(BC)
TotalSeq-C,C0853,R2,10,CATTAGAGTCTGCCA,CD371,5PNNNNNNNNNN(BC)
TotalSeq-C,C0857,R2,10,GATTCCTTTACGAGC,CD34,5PNNNNNNNNNN(BC)
TotalSeq-C,C0863,R2,10,CAGAGCACCCATTAA,CD257,5PNNNNNNNNNN(BC)
TotalSeq-C,C0864,R2,10,AGTTTCCACTCAGGC,CD352,5PNNNNNNNNNN(BC)
TotalSeq-C,C0865,R2,10,TGATCCGAAGTCGTG,VEGFR-3,5PNNNNNNNNNN(BC)
TotalSeq-C,C0867,R2,10,CTTTCCGGTCCTACA,CD94,5PNNNNNNNNNN(BC)
TotalSeq-C,C0869,R2,10,CTTCTGGGATTCTGG,CD365,5PNNNNNNNNNN(BC)
TotalSeq-C,C0870,R2,10,GTCATTGTATGTCTG,CD150,5PNNNNNNNNNN(BC)
TotalSeq-C,C0872,R2,10,CTCCCTAGTTCCTTT,CD84,5PNNNNNNNNNN(BC)
TotalSeq-C,C0877,R2,10,GTTATGGTTCGTGTT,JAML,5PNNNNNNNNNN(BC)
TotalSeq-C,C0879,R2,10,GATTCCGACAGTAGA,IL-21R,5PNNNNNNNNNN(BC)
TotalSeq-C,C0881,R2,10,TGACCCTATTGAGAA,CD272,5PNNNNNNNNNN(BC)
TotalSeq-C,C0884,R2,10,AGACCTCCTTACGAT,DLL1,5PNNNNNNNNNN(BC)
TotalSeq-C,C0885,R2,10,GATCCGTGTTGCCTA,CD270,5PNNNNNNNNNN(BC)
TotalSeq-C,C0888,R2,10,GTACTTAACGTCATC,Notch_4,5PNNNNNNNNNN(BC)
TotalSeq-C,C0892,R2,10,TTGCCGTGTGTTTAA,CD2,5PNNNNNNNNNN(BC)
TotalSeq-C,C0894,R2,10,AGCTCAGCCAGTATG,Ig_light_chain_k,5PNNNNNNNNNN(BC)
TotalSeq-C,C0895,R2,10,GATGCAATTAGCCGG,Mac-2,5PNNNNNNNNNN(BC)
TotalSeq-C,C0896,R2,10,CCTTGTGAGGCTATG,CD85j,5PNNNNNNNNNN(BC)
TotalSeq-C,C0897,R2,10,TCTGTATAACCGTCT,CD23,5PNNNNNNNNNN(BC)
TotalSeq-C,C0898,R2,10,CAGCCAGTAAGTCAC,Ig_light_chain_l,5PNNNNNNNNNN(BC)
TotalSeq-C,C0900,R2,10,AGCCCGGATGTATTT,CD198,5PNNNNNNNNNN(BC)
TotalSeq-C,C0901,R2,10,AGGTATGGTAGAGTA,GARP,5PNNNNNNNNNN(BC)
TotalSeq-C,C0902,R2,10,CTTAGCATTTCACTG,CD328,5PNNNNNNNNNN(BC)
TotalSeq-C,C0903,R2,10,ATTTGTATGCTGGAG,CD40,5PNNNNNNNNNN(BC)
TotalSeq-C,C0904,R2,10,GCTGTAGTATCATGT,CD31,5PNNNNNNNNNN(BC)
TotalSeq-C,C0905,R2,10,AAATCTGTGCCGTAC,CD107a,5PNNNNNNNNNN(BC)
TotalSeq-C,C0907,R2,10,ATCTCCGTTGTGCGA,CD198,5PNNNNNNNNNN(BC)
TotalSeq-C,C0908,R2,10,TTATGGACGTATGGT,TCR_Vb13.1,5PNNNNNNNNNN(BC)
TotalSeq-C,C0909,R2,10,TTTCCTTGTAGAGCG,CD182,5PNNNNNNNNNN(BC)
TotalSeq-C,C0910,R2,10,TTCTTTACCCGCCTG,CD61,5PNNNNNNNNNN(BC)
TotalSeq-C,C0911,R2,10,TGACCAGTTCCGCAT,Phycoerythrin,5PNNNNNNNNNN(BC)
TotalSeq-C,C0912,R2,10,GCCTAGTTTCCGTTT,GPR56,5PNNNNNNNNNN(BC)
TotalSeq-C,C0914,R2,10,CACTCCTTGTAGTCA,CD273,5PNNNNNNNNNN(BC)
TotalSeq-C,C0915,R2,10,ACATTTCCCTTGCCT,VISTA,5PNNNNNNNNNN(BC)
TotalSeq-C,C0916,R2,10,GAACCGTAGTATAAC,CD124,5PNNNNNNNNNN(BC)
TotalSeq-C,C0917,R2,10,CACATCGTTTGTGTA,CD95_(Fas),5PNNNNNNNNNN(BC)
TotalSeq-C,C0918,R2,10,GAGTCGAGAAATCAT,HLA-E,5PNNNNNNNNNN(BC)
TotalSeq-C,C0920,R2,10,TCCCACTTCCGCTTT,CD82,5PNNNNNNNNNN(BC)
TotalSeq-C,C0924,R2,10,TCTCAGAACAGCCCT,CD252,5PNNNNNNNNNN(BC)
TotalSeq-C,C0930,R2,10,CGATTCTTTGCGAGT,Ly108,5PNNNNNNNNNN(BC)
TotalSeq-C,C0935,R2,10,CTGTAGCATTTCCCT,CD74,5PNNNNNNNNNN(BC)
TotalSeq-C,C0944,R2,10,CTACTTCCCTGTCAA,CD101,5PNNNNNNNNNN(BC)
TotalSeq-C,C0951,R2,10,AACCTTTGCCACTGC,Biotin,5PNNNNNNNNNN(BC)
TotalSeq-C,C0952,R2,10,GTCCGACTAATAGCT,Biotin,5PNNNNNNNNNN(BC)
TotalSeq-C,C0953,R2,10,CAGGTTGTTGTCATT,Biotin,5PNNNNNNNNNN(BC)
TotalSeq-C,C0954,R2,10,TATTTCCACCCGGTC,Biotin,5PNNNNNNNNNN(BC)
TotalSeq-C,C0955,R2,10,GTTGTGAGCACGAGA,Biotin,5PNNNNNNNNNN(BC)
TotalSeq-C,C0956,R2,10,GGTAACTCTGGTAGC,Biotin,5PNNNNNNNNNN(BC)
TotalSeq-C,C0957,R2,10,AGCGTATGTAACTCG,Biotin,5PNNNNNNNNNN(BC)
TotalSeq-C,C0958,R2,10,TGTGTGAGGCTTGAT,Biotin,5PNNNNNNNNNN(BC)
TotalSeq-C,C0959,R2,10,ACTCTCACCCATTCC,Biotin,5PNNNNNNNNNN(BC)
TotalSeq-C,C0960,R2,10,TCTCTCTGCGATTCC,Biotin,5PNNNNNNNNNN(BC)
TotalSeq-C,C0961,R2,10,ACCCGGTATCAATTA,Biotin,5PNNNNNNNNNN(BC)
TotalSeq-C,C0962,R2,10,TCTCCTATTGGGCGA,Biotin,5PNNNNNNNNNN(BC)
TotalSeq-C,C0963,R2,10,AACGTATGTCCTTGC,Biotin,5PNNNNNNNNNN(BC)
TotalSeq-C,C0964,R2,10,TCAATCTCCTCCTAT,Biotin,5PNNNNNNNNNN(BC)
TotalSeq-C,C0965,R2,10,GTCACCAAACCGCTA,Biotin,5PNNNNNNNNNN(BC)
TotalSeq-C,C0966,R2,10,ATGTGCGAGCAAGAT,Biotin,5PNNNNNNNNNN(BC)
TotalSeq-C,C0967,R2,10,AGTGATCCCTATTGA,Biotin,5PNNNNNNNNNN(BC)
TotalSeq-C,C0968,R2,10,CATTCTGGGATTCCC,Biotin,5PNNNNNNNNNN(BC)
TotalSeq-C,C0969,R2,10,ACTTAACCCGTATGG,Biotin,5PNNNNNNNNNN(BC)
TotalSeq-C,C0970,R2,10,GACATTAAGAGCAGA,Biotin,5PNNNNNNNNNN(BC)
TotalSeq-C,C0971,R2,10,ATGCGATCAGACCGA,Biotin,5PNNNNNNNNNN(BC)
TotalSeq-C,C0972,R2,10,CGTATGCGCTTCAAG,Biotin,5PNNNNNNNNNN(BC)
TotalSeq-C,C0973,R2,10,CAGCAACTTCATTGT,Biotin,5PNNNNNNNNNN(BC)
TotalSeq-C,C0974,R2,10,GGTATAAGAGCTACG,Biotin,5PNNNNNNNNNN(BC)
TotalSeq-C,C0975,R2,10,TGCCAGCCCTTTGTA,Biotin,5PNNNNNNNNNN(BC)
TotalSeq-C,C0981,R2,10,TTGACCCGCTACGAA,TCR_Va2,5PNNNNNNNNNN(BC)
TotalSeq-C,C0982,R2,10,TTAGAGTCGCTTGGA,TCR_Va_8.3,5PNNNNNNNNNN(BC)
TotalSeq-C,C0983,R2,10,CTTTCCCTAGTATGC,TCR_Va_8.3,5PNNNNNNNNNN(BC)
TotalSeq-C,C0984,R2,10,CTTACCCGGATTCTA,TCR_Va11,5PNNNNNNNNNN(BC)
TotalSeq-C,C0985,R2,10,GAGGATGATGCCATG,CD360,5PNNNNNNNNNN(BC)
TotalSeq-C,C0986,R2,10,ATCAACCGCCCTAAG,TCR_g/d,5PNNNNNNNNNN(BC)
TotalSeq-C,C0987,R2,10,TTAACCGTCTCCCTT,Allophycocyanin,5PNNNNNNNNNN(BC)
TotalSeq-C,C0988,R2,10,TTTGTGTTGTGGTAC,FITC,5PNNNNNNNNNN(BC)
TotalSeq-C,C0989,R2,10,TCCTTCCTTTGTAGC,CD98,5PNNNNNNNNNN(BC)
TotalSeq-C,C0991,R2,10,AGACCCTTGCCGTTT,Biotin,5PNNNNNNNNNN(BC)
TotalSeq-C,C0992,R2,10,TCGTTGTCAACCGCT,Biotin,5PNNNNNNNNNN(BC)
TotalSeq-C,C0993,R2,10,TGCTTCACCTCTATG,Biotin,5PNNNNNNNNNN(BC)
TotalSeq-C,C0994,R2,10,CGCAGTATTAACTTC,Biotin,5PNNNNNNNNNN(BC)
TotalSeq-C,C0995,R2,10,CCCACTTCCCTTGTA,Biotin,5PNNNNNNNNNN(BC)
TotalSeq-C,C1006,R2,10,GCGTATGTCAGTACC,CD160,5PNNNNNNNNNN(BC)
TotalSeq-C,C1007,R2,10,ATGTCAACTCTGGGA,CD85k,5PNNNNNNNNNN(BC)
TotalSeq-C,C1009,R2,10,CACAGTTGTCCGTGT,CD94,5PNNNNNNNNNN(BC)
TotalSeq-C,C1010,R2,10,CATATTGGCCGTAGT,CD205,5PNNNNNNNNNN(BC)
TotalSeq-C,C1011,R2,10,TAGCTTGGGATTAAG,CD155,5PNNNNNNNNNN(BC)
TotalSeq-C,C1012,R2,10,GTCACGTAGTATCTT,CD178,5PNNNNNNNNNN(BC)
TotalSeq-C,C1021,R2,10,GTCATAAGAGCTTAC,GPR56,5PNNNNNNNNNN(BC)
TotalSeq-C,C1024,R2,10,GCGCAACTCCTTGTA,CD120b,5PNNNNNNNNNN(BC)
TotalSeq-C,C1026,R2,10,ATAGAACCCAACTTC,CD229,5PNNNNNNNNNN(BC)
TotalSeq-C,C1028,R2,10,GTGATCCCTGGTATT,CD104,5PNNNNNNNNNN(BC)
TotalSeq-C,C1032,R2,10,CACCAACGCTTCAAG,CD210,5PNNNNNNNNNN(BC)
TotalSeq-C,C1034,R2,10,TCCGTTTGTTGTTGT,Ly-51,5PNNNNNNNNNN(BC)
TotalSeq-C,C1042,R2,10,GCAGTCCTACATTGA,CD88,5PNNNNNNNNNN(BC)
TotalSeq-C,C1045,R2,10,GGCTAGAAATCAACG,CD160,5PNNNNNNNNNN(BC)
TotalSeq-C,C1046,R2,10,GCCGCATGAGAAACA,CD88,5PNNNNNNNNNN(BC)
TotalSeq-C,C1047,R2,10,GCAACTCTCCTACCT,HLA-F,5PNNNNNNNNNN(BC)
TotalSeq-C,C1050,R2,10,AAACCAAAGCACCTA,Siglec-10,5PNNNNNNNNNN(BC)
TotalSeq-C,C1051,R2,10,GAGCCGGTATAATGC,Podocalyxin,5PNNNNNNNNNN(BC)
TotalSeq-C,C1052,R2,10,CTGATGAGATGTCAG,CD224,5PNNNNNNNNNN(BC)
TotalSeq-C,C1053,R2,10,CCCTAAACCGTCTCT,MS4A4A,5PNNNNNNNNNN(BC)
TotalSeq-C,C1054,R2,10,TTCATTCTGTGCCGC,CD38,5PNNNNNNNNNN(BC)
TotalSeq-C,C1056,R2,10,ACTTCCCTGTAGAAA,CD258,5PNNNNNNNNNN(BC)
TotalSeq-C,C1057,R2,10,GAGTTCCCTCAGTTC,DR3,5PNNNNNNNNNN(BC)
TotalSeq-C,C1058,R2,10,TGATCTAAGGTATGC,FR4,5PNNNNNNNNNN(BC)
TotalSeq-C,C1060,R2,10,AACAGACCTCTCAGA,CD105_(Endoglin),5PNNNNNNNNNN(BC)
TotalSeq-C,C1062,R2,10,ATCATTCCCGCTTAA,CD30,5PNNNNNNNNNN(BC)
TotalSeq-C,C1063,R2,10,TTGTATCTCCCTTGG,CD45RB,5PNNNNNNNNNN(BC)
TotalSeq-C,C1064,R2,10,TTGTCACCAACTTCC,CD81,5PNNNNNNNNNN(BC)
TotalSeq-C,C1129,R2,10,ATAGTACGACCCGAT,DYKDDDDK,5PNNNNNNNNNN(BC)
TotalSeq-C,C1132,R2,10,GATATTCCCACCAAA,His_Tag,5PNNNNNNNNNN(BC)
TotalSeq-C,C1136,R2,10,CTACGCCTCCTTTCT,CD181,5PNNNNNNNNNN(BC)
TotalSeq-C,C1137,R2,10,CTTACGATTAAGAGC,CD147,5PNNNNNNNNNN(BC)
TotalSeq-C,C1138,R2,10,AGAACAGTCAGTCGC,CD209,5PNNNNNNNNNN(BC)
TotalSeq-C,C1176,R2,10,CTTTCGTTGCCTTGG,CCRL2,5PNNNNNNNNNN(BC)
TotalSeq-C,C1177,R2,10,TCTTGGATTCAGAGC,CLEC5A,5PNNNNNNNNNN(BC)
TotalSeq-C,C0251,R2,10,GTCAACTCTTTAGCG,HHTO-01,5PNNNNNNNNNN(BC)
TotalSeq-C,C0252,R2,10,TGATGGCCTATTGGG,HHTO-02,5PNNNNNNNNNN(BC)
TotalSeq-C,C0253,R2,10,TTCCGCCTCTCTTTG,HHTO-03,5PNNNNNNNNNN(BC)
TotalSeq-C,C0254,R2,10,AGTAAGTTCAGCGTA,HHTO-04,5PNNNNNNNNNN(BC)
TotalSeq-C,C0255,R2,10,AAGTATCGTTTCGCA,HHTO-05,5PNNNNNNNNNN(BC)
TotalSeq-C,C0256,R2,10,GGTTGCCAGATGTCA,HHTO-06,5PNNNNNNNNNN(BC)
TotalSeq-C,C0257,R2,10,TGTCTTTCCTGCCAG,HHTO-07,5PNNNNNNNNNN(BC)
TotalSeq-C,C0258,R2,10,CTCCTCTGCAATTAC,HHTO-08,5PNNNNNNNNNN(BC)
TotalSeq-C,C0259,R2,10,CAGTAGTCACGGTCA,HHTO-09,5PNNNNNNNNNN(BC)
TotalSeq-C,C0260,R2,10,ATTGACCCGCGTTAG,HHTO-10,5PNNNNNNNNNN(BC)
TotalSeq-C,C0301,R2,10,ACCCACCAGTAAGAC,MHTO-01,5PNNNNNNNNNN(BC)
TotalSeq-C,C0302,R2,10,GGTCGAGAGCATTCA,MHTO-02,5PNNNNNNNNNN(BC)
TotalSeq-C,C0303,R2,10,CTTGCCGCATGTCAT,MHTO-03,5PNNNNNNNNNN(BC)
TotalSeq-C,C0304,R2,10,AAAGCATTCTTCACG,MHTO-04,5PNNNNNNNNNN(BC)
TotalSeq-C,C0305,R2,10,CTTTGTCTTTGTGAG,MHTO-05,5PNNNNNNNNNN(BC)
TotalSeq-C,C0306,R2,10,TATGCTGCCACGGTA,MHTO-06,5PNNNNNNNNNN(BC)
TotalSeq-C,C0307,R2,10,GAGTCTGCCAGTATC,MHTO-07,5PNNNNNNNNNN(BC)
TotalSeq-C,C0308,R2,10,TATAGAACGCCAGGC,MHTO-08,5PNNNNNNNNNN(BC)
TotalSeq-C,C0309,R2,10,TGCCTATGAAACAAG,MHTO-09,5PNNNNNNNNNN(BC)
TotalSeq-C,C0310,R2,10,CCGATTGTAACAGAC,MHTO-10,5PNNNNNNNNNN(BC)
LMO,LMO01,R2,0,GGAGAAGA,LMO01,5P(BC)
LMO,LMO02,R2,0,CCACAATG,LMO02,5P(BC)
LMO,LMO03,R2,0,TGAGACCT,LMO03,5P(BC)
LMO,LMO04,R2,0,GCACACGC,LMO04,5P(BC)
LMO,LMO05,R2,0,AGAGAGAG,LMO05,5P(BC)
LMO,LMO06,R2,0,TCACAGCA,LMO06,5P(BC)
LMO,LMO07,R2,0,GAAAAGGG,LMO07,5P(BC)
LMO,LMO08,R2,0,CGAGATTC,LMO08,5P(BC)
LMO,LMO09,R2,0,GTAGCACT,LMO09,5P(BC)
LMO,LMO10,R2,0,CGACCAGC,LMO10,5P(BC)
LMO,LMO11,R2,0,TTAGCCAG,LMO11,5P(BC)
LMO,LMO12,R2,0,GGACCCCA,LMO12,5P(BC)
LMO,LMO13,R2,0,CCAACCGG,LMO13,5P(BC)
LMO,LMO14,R2,0,TGACCGAT,LMO14,5P(BC)
LMO,LMO15,R2,0,GCAACGCC,LMO15,5P(BC)
LMO,LMO16,R2,0,CAATCGGT,LMO16,5P(BC)
LMO,LMO17,R2,0,ATAGCGTC,LMO17,5P(BC)
LMO,LMO18,R2,0,GAATCTCG,LMO18,5P(BC)
LMO,LMO19,R2,0,CTAGCTGA,LMO19,5P(BC)
LMO,LMO20,R2,0,AGACCTTG,LMO20,5P(BC)
LMO,LMO21,R2,0,GAAGGAAG,LMO21,5P(BC)
LMO,LMO22,R2,0,CTACGACA,LMO22,5P(BC)
LMO,LMO23,R2,0,AGAAGAGG,LMO23,5P(BC)
LMO,LMO24,R2,0,GTACGCAT,LMO24,5P(BC)
LMO,LMO25,R2,0,CGAAGCCC,LMO25,5P(BC)
LMO,LMO26,R2,0,ACATGCGT,LMO26,5P(BC)
LMO,LMO27,R2,0,TAAGGCTC,LMO27,5P(BC)
LMO,LMO28,R2,0,GGAAGGAA,LMO28,5P(BC)
LMO,LMO29,R2,0,CCATGGCG,LMO29,5P(BC)
LMO,LMO30,R2,0,AAAGGGGA,LMO30,5P(BC)
LMO,LMO31,R2,0,TTACGGTG,LMO31,5P(BC)
LMO,LMO32,R2,0,GCATGTAC,LMO32,5P(BC)
LMO,LMO33,R2,0,CAAGGTCT,LMO33,5P(BC)
LMO,LMO34,R2,0,ATACGTGC,LMO34,5P(BC)
LMO,LMO35,R2,0,GCAGTATC,LMO35,5P(BC)
LMO,LMO36,R2,0,AGATTCCG,LMO36,5P(BC)
LMO,LMO37,R2,0,TCAGTCGA,LMO37,5P(BC)
LMO,LMO38,R2,0,GAACTCTG,LMO38,5P(BC)
LMO,LMO39,R2,0,CGATTGAC,LMO39,5P(BC)
LMO,LMO40,R2,0,ACAGTGCT,LMO40,5P(BC)
LMO,LMO41,R2,0,TAACTGGC,LMO41,5P(BC)
LMO,LMO42,R2,0,CCAGTTAG,LMO42,5P(BC)
LMO,LMO43,R2,0,GGCTAACT,LMO43,5P(BC)
LMO,LMO44,R2,0,CCCGAAGC,LMO44,5P(BC)
LMO,LMO45,R2,0,TGCTACAG,LMO45,5P(BC)
LMO,LMO46,R2,0,GCCGACCA,LMO46,5P(BC)
LMO,LMO47,R2,0,CACCACGG,LMO47,5P(BC)
LMO,LMO48,R2,0,TCCGAGAT,LMO48,5P(BC)
LMO,LMO49,R2,0,GACCAGCC,LMO49,5P(BC)
LMO,LMO50,R2,0,CTCAAGGT,LMO50,5P(BC)
LMO,LMO51,R2,0,AGCTAGTC,LMO51,5P(BC)
LMO,LMO52,R2,0,GTCAATCG,LMO52,5P(BC)
LMO,LMO53,R2,0,CGCTATGA,LMO53,5P(BC)
LMO,LMO54,R2,0,ACCGATTG,LMO54,5P(BC)
LMO,LMO55,R2,0,GTCTCAAG,LMO55,5P(BC)
LMO,LMO56,R2,0,CGCGCACA,LMO56,5P(BC)
LMO,LMO57,R2,0,ACCCCAGG,LMO57,5P(BC)
LMO,LMO58,R2,0,GGCGCCAT,LMO58,5P(BC)
LMO,LMO59,R2,0,AACACCGT,LMO59,5P(BC)
LMO,LMO60,R2,0,TTCTCCTC,LMO60,5P(BC)
LMO,LMO61,R2,0,GCCCCGAA,LMO61,5P(BC)
LMO,LMO62,R2,0,CACACGCG,LMO62,5P(BC)
LMO,LMO63,R2,0,ATCTCGGA,LMO63,5P(BC)
LMO,LMO64,R2,0,TGCGCGTG,LMO64,5P(BC)
LMO,LMO65,R2,0,GACACTAC,LMO65,5P(BC)
LMO,LMO66,R2,0,CTCTCTCT,LMO66,5P(BC)
LMO,LMO67,R2,0,AGCGCTGC,LMO67,5P(BC)
LMO,LMO68,R2,0,TCCCCTTT,LMO68,5P(BC)
LMO,LMO69,R2,0,CTCGGAAT,LMO69,5P(BC)
LMO,LMO70,R2,0,AGCCGACC,LMO70,5P(BC)
LMO,LMO71,R2,0,TCCAGAGT,LMO71,5P(BC)
LMO,LMO72,R2,0,GACTGATC,LMO72,5P(BC)
LMO,LMO73,R2,0,CGCCGCAA,LMO73,5P(BC)
LMO,LMO74,R2,0,ACCAGCCG,LMO74,5P(BC)
LMO,LMO75,R2,0,TACTGCGA,LMO75,5P(BC)
LMO,LMO76,R2,0,GTCGGCTG,LMO76,5P(BC)
LMO,LMO77,R2,0,CCCAGGAC,LMO77,5P(BC)
LMO,LMO78,R2,0,AACTGGCT,LMO78,5P(BC)
LMO,LMO79,R2,0,TTCGGGGC,LMO79,5P(BC)
LMO,LMO80,R2,0,GGCCGGTT,LMO80,5P(BC)
LMO,LMO81,R2,0,CACTGTAG,LMO81,5P(BC)
LMO,LMO82,R2,0,ATCGGTCA,LMO82,5P(BC)
LMO,LMO83,R2,0,TGCCGTGG,LMO83,5P(BC)
LMO,LMO84,R2,0,GCCAGTTA,LMO84,5P(BC)
LMO,LMO85,R2,0,TGCATACG,LMO85,5P(BC)
LMO,LMO86,R2,0,GCCTTAGA,LMO86,5P(BC)
LMO,LMO87,R2,0,CACGTATG,LMO87,5P(BC)
LMO,LMO88,R2,0,AGCATCAC,LMO88,5P(BC)
LMO,LMO89,R2,0,TCCTTCCT,LMO89,5P(BC)
LMO,LMO90,R2,0,GACGTCGC,LMO90,5P(BC)
LMO,LMO91,R2,0,CTCCTCTT,LMO91,5P(BC)
LMO,LMO92,R2,0,ACCTTGAG,LMO92,5P(BC)
LMO,LMO93,R2,0,TACGTGCA,LMO93,5P(BC)
LMO,LMO94,R2,0,GTCCTGGG,LMO94,5P(BC)
LMO,LMO95,R2,0,CGCATGTA,LMO95,5P(BC)
LMO,LMO96,R2,0,TTCCTTCC,LMO96,5P(BC)
CMO,RPI01,R2,0,ATCACGAT,RPI01,5P(BC)
CMO,RPI02,R2,0,CGATGTAT,RPI02,5P(BC)
CMO,RPI03,R2,0,TTAGGCAT,RPI03,5P(BC)
CMO,RPI04,R2,0,TGACCAAT,RPI04,5P(BC)
CMO,RPI05,R2,0,ACAGTGAT,RPI05,5P(BC)
CMO,RPI06,R2,0,GCCAATAT,RPI06,5P(BC)
CMO,RPI07,R2,0,CAGATCAT,RPI07,5P(BC)
CMO,RPI08,R2,0,ACTTGAAT,RPI08,5P(BC)
CMO,RPI09,R2,0,GATCAGAT,RPI09,5P(BC)
CMO,RPI10,R2,0,TAGCTTAT,RPI10,5P(BC)
CMO,RPI11,R2,0,GGCTACAT,RPI11,5P(BC)
CMO,RPI12,R2,0,CTTGTAAT,RPI12,5P(BC)
CMO,RPI13,R2,0,AGTCAAAT,RPI13,5P(BC)
CMO,RPI14,R2,0,AGTTCCAT,RPI14,5P(BC)
CMO,RPI15,R2,0,ATGTCAAT,RPI15,5P(BC)
CMO,RPI16,R2,0,CCGTCCAT,RPI16,5P(BC)
CMO,RPI17,R2,0,GTAGAGAT,RPI17,5P(BC)
CMO,RPI18,R2,0,GTCCGCAT,RPI18,5P(BC)
CMO,RPI19,R2,0,GTGAAAAT,RPI19,5P(BC)
CMO,RPI20,R2,0,GTGGCCAT,RPI20,5P(BC)
CMO,RPI21,R2,0,GTTTCGAT,RPI21,5P(BC)
CMO,RPI22,R2,0,CGTACGAT,RPI22,5P(BC)
CMO,RPI23,R2,0,GAGTGGAT,RPI23,5P(BC)
CMO,RPI24,R2,0,GGTAGCAT,RPI24,5P(BC)
CMO,RPI25,R2,0,ACTGATAT,RPI25,5P(BC)
